job_name,comp_name,job_desc,job_tags
【亞馬遜Amazon】電商實習生 (兼職、轉正機會) Amazon Project Assistant Intern（Part-time）,Hour Loop 飛輪電商,遠見，善於溝通和帶領團隊，你可能就是未來的帶人主管！ 我們提供彈性且暢通的職涯管道，讓你從實習生就能參與重要專案並獨立解決問題！ 1. 職涯發展管道： 入職新人由專案助理實習生 （Project Assistant,"['SQL/MySQL', 'Python', 'R', '']"
專案管理實習生,APPX時賦科技有限公司,🚀 專案管理 - 實習生徵才 加入時賦科技，探索軟體開發的幕後世界！ 關於我們 | 時賦科技 我們是一支專注於 客製化系統開發 的軟體團隊，參與過來自各產業的多元專案，例如： ✔ 醫學中心 的手術室管,"['實習生', 'Project Management', 'intern']"
產品專案助理 (兼職 / 實習),KABOB | AIoT and Retail SaaS,你將協助產品經理或產品總監進行資料整理、PPT 製作及會議紀錄，這是一個深入了解產品管理運作的絕佳機會！ 在這個角色中，你將學習如何支持專案的推進，並與多個團隊密切合作。 [職責] 1. 製,"['Communication', 'Microsoft Office', 'PowerPoint', '']"
【實習】2025 Portaly 「軟體產品」實習 - PM / PD / Front-end (4/30 截止),Portaly.cc,day、並獲 Meet Taipei 評選為 2023 新創 30 。2024 年創辦人 CW 入選 AAMA。 ▍關於 Portaly Product Team Intern Portaly 預計召募以「產品」為核心的實習夥伴 1 - 3 名。你將與資深 PM 主管、資深工程師密切協作，共同完成 Portaly 的產品迭代更新，並在其中,"['SEO', 'Figma', 'Linear', '']"
[2025 暑期實習計畫－優先獲得畢業預聘機會 ] 人力資源部實習 Human Resources (HR) Summer Internship,Texas Instruments 德州儀器工業股份有限公司,入TI，你有機會與全世界的菁英互動，TI更是你展現獨特智慧與潛能的最佳平台。 ▋ 實習期間及實習地點 -實習期間：2025年7月至2025年8月 -實習地點：台北市松山區/新北市中和區 ▋ 人力資源實習,"['英文  聽/精通  說/精通   讀/精通   寫/精通', '日文']"
營運實習生／專案管理實習生【能源新創/可遠端/台北實習】,Optimum 優選股份有限公司,我們希望團隊成員能在短時間內獨立作戰，並在充滿機會的新能源市場挖掘更多可能性。在這個實習生計畫中，我們將提供充分的產業知識和指引，幫助你快速提升專業技能和市場洞察力，你也,"['遠端工作', '實習', '新創', '']"
行銷企劃實習生Marketing Intern,上策行銷有限公司 Bespo Marketing,【Bespo實習生培訓系統】 第一步、到職註冊 第二步、口碑行銷基礎概念培訓 第三步、初試考核 (到職滿一個月) 考核六項口碑行銷基礎能力 通過與否將決定實習生之去留 通過者將進入第二階段完整寫,"['word', 'powerpoint', 'excel']"
社群運營實習生 ( 新創公司/部分遠端 ),安可日子股份有限公司,負責學員社群的日常運營與維護，透過社群互動、內容管理，提升學員參與度與黏著度。 協助線下活動執行，確保活動順利進行，並支援協助專案運營相關工作，並透過文書處理與資訊整理，確保內部,"['Feishu', 'Canva', 'Chatgpt', '']"
美商電子科技公司_ Marketing Operations Summer Intern_大學生暑假行銷實習機會🔐,Cake Recruitment Consulting,"Job Title: Marketing Operations Summer Intern ( June-Sep ->3 months) Department: Global Marketing Operations Responsibilities: Assist in reviewing, optimizing, and correcting content to enhance the accuracy and usability of key product pages. Support data entry in website backend systems, including uploading marketing assets and maintaining content. Assist with sample room management, including organizing and inventorying product samples. Explore AI tools and share insights with the team to impr","['English Language', 'Microsoft Office']"
SEO與行銷數據分析實習生（在學或兼職亦可）,零一成長行銷有限公司,力，歡迎你主動提出想法 你可以與創辦人或PM一起提升專案的高度與極限！ 參加過我們戰鬥營及實習計畫的同學，有錄取dcard、綠藤生機、嬌生、L’oreal 等知名公司及國外知名研究所，只要你敢夢也有行,"['python', 'chatgpt', 'LLMs prompting']"
2025暑期實習生,威盛電子股份有限公司,期實習】開始招募囉!! 歡迎加入VIA Summer Internship!! 您可以體驗職場、累積專業外，更可與來自國內外知名大學的實習生一起學習、互動和交流喔! 實習表現優良者，畢業後還有機會優先成為正職人選!! 【暑期實習&招,"['internship', 'AI', 'Computer Vision', '']"
[外商暑期實習Internship] HR/Hunter/Social Media intern 人資/獵才/社群行銷實習生 (完整配合7&8月/星期一至五進辦/一對一導師制),新加坡商立可人事顧問有限公司台灣分公司 Recruit Express (Taiwan),投遞前請先至以下平台瀏覽我們的公司文化 Facebook Instagram Medium (顧問心得分享) Podcast (立可職場文化) 【公司介紹】 新加坡商立可人事隸屬於新加坡最大且唯一上市的獵才集團HRnetgroup，總公司位於新加坡，分別於台北信,"['110台灣台北市信義區', '台灣台北', 'intern', '']"
Python 實習生  – 資料科學/AI 應用方向,Stark Tech 鷹翔有限公司,訓練作業，學習如何準備、標記與驗證資料，參與模型優化與效果評估流程。 ETL/ELT 工作流程構建 - 在實習期間輔助建立並優化 ETL/ELT 流程，協助確保資料自動化處理與數據一致性，並深入瞭解資料,"['Python後端工程師', '資料工程師', 'AI 開發工程師', '']"
人資部｜人資實習生 HR Intern （可配合學校實習學分／實習／工讀）,Autopass Inc — 麻吉行得通股份有限公司,嗨！我是HR Eva 🙂 今年度的Autopass繼續找尋HR實習生夥伴！ 我們仍在快速擴展中，麻吉村的人資部期待有你的加入，成為麻吉夥伴的強力後盾。 你能在這裡親身經歷新創公司HR的每一天，人力資源部的選,"['humanresouce', '新創公司', 'startup', '']"
Business  Development Intern (B2B市場開發實習生),歪國零食嘴Snacklips,方式 團隊合作能力強，對達成目標充滿熱忱，能在充滿不確定性的環境下尋求解決方案 上班時間 學期間每週至少 16 或 24 小時 寒、暑假期間每週至少 32 小時 實習薪資 基本時薪 $190（時薪制，含勞健保）,"['企業', '業務開發', 'B2B Business Development', '', '']"
【擴編職缺】群眾集資顧問 / 專案管理（實習可）,這集有效行銷顧問股份有限公司,這集有效會接觸到從常見的家電、寢具、創意小物、母嬰用品等各式各樣的集資商品，而如何將這個商品在台灣市場上成功地打出響亮的成績就是你的唯一任務。 身為一個優秀的群眾集資 / 群眾,[]
Account Executive & Marketing Intern / 商務企劃執行與行銷實習生,Cake,"About Cake Established in 2016 in Taiwan, Cake is an international talent community and platform providing comprehensive solutions for job seekers. By offering AI tools for resumes and portfolios, job search strategies, networking resources, and international job opportunities, Cake meets all needs in career development. With over 8 million users worldwide and collaborations with over 10,000 companies, Cake helps talent find the most suitable place at different stages of their careers. Cake Busi","['Social Media Marketing', '社群行銷', '商務營運', '']"
全端開發實習生,Tera Thinker,我們正在尋找積極、熱愛挑戰的全端開發實習生加入 Tera Thinker 的團隊，參與前後端網頁應用程式的開發。 在實習期間，你將直接投入實際的產品開發與運作。除了開發並維護目前已上線且服務全台數,[]
【長期】數位實習生 | 免費培訓+給薪實習＼徵大三.大四.碩一生，歡迎非相關科系／,米蘭數位傳播集團,觸、瞭解進而喜愛品牌，客戶多元、案型類別多樣，作品更屢屢獲國內外佳績 現在我們「MEVOLUTION GO 米果計畫－實習生」計畫正式開跑！ 期待每一位加入米果計畫的實習生，都能在這場旅程中加速成長 進化為新,"['Word', 'Excel', 'PowerPoint', '']"
雙橡｜市場拓張與行銷｜儲備幹部實習生 BD & Marketing Intern,雙橡教育 Twin Oaks,"【市場拓張與行銷｜儲備幹部實習生 BD & Marketing Intern】 將協助雙橡一起打開知名度，擴大我們的社群，增加 Brand Love, Scale Up the Business Size！ 工作內容： 【BD Team】 市場研究 (10% 時間) 市場研究：收集數據、報告，了解產業趨勢與改變 消費","['儲備幹部職缺專區', '儲備幹部', 'Intern', '']"
SEO consultant intern（SEO行銷顧問實習生）,零一成長行銷有限公司,力，歡迎你主動提出想法 你可以與創辦人或PM一起提升專案的高度與極限！ 參加過我們戰鬥營及實習計畫的同學，有錄取dcard、綠藤生機、嬌生、L’oreal 等知名公司及國外知名研究所，只要你敢夢也有行,"['SEO', 'SEO Optimization', 'SEO COPYWRITING', '']"
Recruitment Consultant Intern — 人才招募顧問實習生 (提供轉正職機會),Cake,問 Candice｜每段經歷都是未來的養分 專訪 Cake 獵頭實習生 Chris｜轉正職心路歷程、面試過程分享！ 專訪 Cake 獵頭實習生 Teddy｜工作內容、實習心得大公開！ 職缺介紹 身為 Cake 的招募顧問實習生，你將與我們的招募顧問,"['獵才', '獵頭', 'recruitment consultant', '']"
※學習型※ Web3 前、後端軟體研發、DeFi 協議設計、ZKP 研究培訓/實習生【免費培訓/無給薪實習（Free Training/Unpaid Internship）】,Crypto-Arsenal（奇策智能雲端股份有限公司）,本學習型實習計劃針對以下兩種人才所設計： 想轉職成為符合業界標準具即戰力的 Web3 軟體開發人才 尚在學學生希望在畢業前體驗業界實務經驗，並累積 Github 作品集 ※此網站是我們指導培訓實習,"['GraphQL', 'TypeScript', 'React.js', '']"
實習生Intern（數位資產管理公司）,燦通國際資產管理股份有限公司,FA部門： 投資分析實習生 職責： 協助投資經理投前、投後策劃與執行，如輸出Web3區塊鏈行業、市場分析報告，協助發掘高潛力投資項目。協助設計合理的投資策略，與創業者會談接洽等。 要求： 專科、大學以,[]
實習社群小編 (遠距作業）,社團法人台灣亞太新賢同創協會,🚀JOBUS實習，成為社群小編實習生，啟蒙你的職場生涯，讓世界聽見你的聲音！📣 🌈 職缺：（遠距作業）實習社群小編 （在家工作也能成為社交媒體達人！） 🔥【工作內容不是夢】 1. 負責社群發文內容編輯與粉,"['小編', '實習', '社群小編', '']"
雙橡｜營運管理｜儲備幹部實習生 Operation Intern,雙橡教育 Twin Oaks,【營運管理｜儲備幹部實習生 Operation intern】 協助雙橡一起建立體系和機制，一起優化雙橡國際課程的籌備！ 工作內容： 課程籌備（40% 時間） 報名手續：協助處理報名確認手續，包含製作表單，規劃面試時間，製作學,"['儲備幹部職缺專區', 'Intern', 'Operation', '']"
※學習型※ Web3 - App UI/UX 培訓/實習設計師【免費培訓/無給薪實習（Free Training/Unpaid Internship）】,Crypto-Arsenal（奇策智能雲端股份有限公司）,會晉升為 PO 成為 π 型人才，並轉為 Paid Intern / 正職人員（有開缺時） ※ 請注意：此為《學習型無給薪（unpaid）培訓/實習》，為期 9 個月，每週工時至少 24 小時（可彈性分配時間），可配合學校簽訂契約、實習學分證明和推,"['figma(學習中)', 'Figma基礎功能']"
【暑期實習生】協會總部(公關)1名 、(社工)1名,社團法人台灣城鄉永續關懷協會,三峽協會總部(公關) 小草書屋總部行銷公關實習生1名 實習內容 協助社群發文與經營：包括FB、IG、LINE@、電子報等 外部合作洽談與參與：與合作夥伴面對面的機會，媒合書屋需求 定期維繫捐款人關,[]
人力資源實習生 HR Intern,燦通國際諮詢有限公司,迎在學學生投遞（科系需與職務相符）。 ★實習合約至少為20週，可作為大學學期實習，開立證明。 ★實習期間依據工作配合時數與工作成果提供獎金。 ★實習目的為提供學以致用、與職場接軌的實習,[]
《新創實習》行銷實習生 (Social Marketing Intern) Internship,捷德爾有限公司,保有很大程度的自主權，你可以自行提案、並實做你的想法，如果你想要一展長才，歡迎加入我們! ▍實習亮點 What You can Learn/Get: ．優於業界高時薪 ．新創經驗，如何找到使用者痛點，並規劃的行銷策略 ．實際,"['powerpoint', 'word', 'Google Drive', '', '']"
全端工程師實習生 Full Stack Engineer - Internship,透視數據有限公司 PicSee Inc.,如果你未來希望成為後端工程師、系統架構師、前端工程師或自己開發一套服務，可以從這個實習開始！ 這個角色從支援日常營運開始，需要協助團隊調閱或 調整客戶資料 、 客製化方案設定 、 簡單的,"['DNS Management', 'MySQL', 'AWS RDS', '']"
2025 實習生招募計畫 -Business Development Intern,新芽網路股份有限公司,投遞履歷請一律至專屬的職缺網頁： https://25sprout.teamdoor.io/s/Q58fupOz 透過此平台投遞將不會回覆唷 我們深深相信幫助他人成功，就是幫助自己成功。 作為代表 SurveyCake 面對各家企業的最前線，你是每個潛,"['Business Development', 'Sales', 'SaaS', '', '']"
※學習型※ Web3 數位行銷規劃培訓/實習生【免費培訓/無給薪實習（Free Training/Unpaid Internship）】,Crypto-Arsenal（奇策智能雲端股份有限公司）,操作 具備團隊協作 EQ ※ 表現優異者，有機會轉為 Paid Intern / 正職人員（有開缺時） ※ 請注意：此為學習型 unpaid 的實習，為期三 ~ 六個月，可配合學校簽訂契約、實習證明和推薦信（表現需具備一定水準者）， 《 無法接受者,['Canva']
【2025 暑期實習】行銷部門實習生,臺灣各種吧股份有限公司,如果你對於「行銷」的工作有興趣，對於使用 AI 有使用經驗，想了解該如何結合工作應用，歡迎加入臺灣吧行銷團隊開始你的行銷職涯之旅！ 工作內容 將臺灣吧的影像、podcast 轉換成 AI 能讀取的格式 建立,[]
多媒體社群經營實習生 (Social Media & Multimedia Intern),"ELKROOM CO., LTD.",我們正在尋找熱情、負責任且有創意的產品設計實習生加入我們的團隊。實習生將有機會與我們的產品團隊一起工作，在產品設計的各個方面學習和成長。 有良好的溝通和團隊合作能力 有創意,"['Figma', 'Photoshop', 'Illustrator', '']"
部分遠端｜品牌行銷企劃 實習,SwingTaiwan 社交舞與搖擺舞學校,SwingTaiwan 不只是跳舞，更致力於創造人與人之間的美好連結。我們希望為台灣所有年齡層和背景的人，提供 「結合舞蹈與社交」的新型態生活風格 ，讓參與者在友善、自在、開放的環境中分享快樂，並建立深厚,"['Google Drive', '年輕團隊', '行銷實習', '']"
【誠品團隊】2025年 實習申請專區,誠品生活股份有限公司,會計 / 活動企劃 / 美術設計 助理 【實習規則】 ■ 排班原則：全職實習或每週至少排班3天(含)以上 ■ 實習期間：至少6個月(含)以上，穩定排班 ■ 報到時間：全年度皆可報到 【實習薪資】 ■ 時薪制為主(如為,[]
創新實驗室-商業開發助理/行政助理/實習工讀生 (數位健康),永悅健康股份有限公司,H2U 為台灣最大數位健康服務平台，2019 年獲選為 IFAH全球前50 大數位健康照護公司，目標是建立創新數位健康生態圈、走向國際，成為全球華人數位健康第一品牌。 為了讓H2U 各業務能專注服務客戶引,"['問卷設計', '市場調查資料分析與報告撰寫', '市場調查企劃與執行', '']"
Intern實習生(Python分析)_精算部,法商法國巴黎人壽保險股份有限公司台灣分公司,職務內容： 1. Convert and optimize actuarial manual workflows. 協助優化精算作業流程 2. Perform additional tasks as assigned. *歡迎大學、研究所之風險管理與保險學系/財務工程與精算數學系相關科系學生投遞。 *實習期間為2025年7月~12月。 *中文,[]
影音實習生,SAT. KNOWLEDGE 知識衛星,【關於知識衛星】 知識衛星是台灣領先的線上教育平台，致力於打造一個讓學習者隨時隨地能夠提升自我、拓展技能的環境。自創立以來，我們不斷拓展課程領域，涵蓋了多元的學習需求，讓每一位,[]
工業設計師_暑期實習生,永業創意整合有限公司,期會提供產品體驗與相關活動，親身參與產品測試與設計修正，藉由提升產品體驗提升設計開發之能力。設計開發從草圖、2D提案、3D提案到材質設定與量產，歡迎對運動產品設計有興趣的實習生。,"['Premiere', 'Blender3D', 'office', '']"
QA Intern / PT (Software)（實習生）,BitoGroup 幣託科技股份有限公司,測試。 執行軟體測試，完成軟體測試報告。 錯誤追蹤管理及驗證，並提供改善建議。 Web / iOS / Android / API 相關測試工作。 主管交辦事項。 觀看QA實習生介紹影片： https://drive.google.com/file/d/17G-viyQmhQ7qQNUHsAhRYhQ8fDWMsVxK/view?usp=sharing,"['Mac OS', 'Android', 'iOS', '']"
【cacaFly】網紅發案企劃實習生,聖洋科技股份有限公司,喜歡泡在社群媒體中，看各種不同的網紅影音創意企劃？ 擅長專案管理與溝通，滿腹創意點子卻無處可發揮嗎？ 網紅發案中心部門氣氛融洽歡樂，歡迎你加入我們！ 我們需要你協助— 1. 針對客戶需,"['Excel', 'Word', 'PowerPoint', '']"
"產品照修圖實習生, Photo Retouching Intern, Global Marketing",ViewSonic International Corporation,【Job Description 職務內容】 負責全球產品照片精修與陰影製作，依循規範創建具吸引力的視覺。 協助攝影師拍攝現場，調整攝影設備、燈光器材等。 協助照片歸檔管理與遵循規範建立圖庫。 與各部門密切合作,"['Photoshop', 'Illustrator']"
投資者關係實習生 Investor Relations Management Intern,燦通國際諮詢有限公司,迎在學學生投遞（科系需與職務相符）。 ★實習合約至少為20週，可作為大學學期實習，開立證明。 ★實習期間依據工作配合時數與工作成果提供獎金。 ★實習目的為提供學以致用、與職場接軌的實習,[]
Frontend Intern 前端工程實習生,SWAG,職務說明 前端是一個技術更新速度極快的領域，也是使用者與產品互動的第一道門檻。在SWAG的前端團隊中，我們有著非常快速的更新迭代文化。如果您能適應快速變化的環境，或是希望自己的程,[]
marketing automation intern 行銷自動化系統實習生,零一成長行銷有限公司,力，歡迎你主動提出想法 你可以與創辦人或PM一起提升專案的高度與極限！ 參加過我們戰鬥營及實習計畫的同學，有錄取dcard、綠藤生機、嬌生、L’oreal 等知名公司及國外知名研究所，只要你敢夢也有行,"['python', 'Github', 'Application Development']"
【Intern-實習生計畫】Chemical Marketing Intern 行銷實習生,藝康企業股份有限公司 ECOLAB TAIWAN,"1. Support Chemical business in developing, implementing, and managing marketing campaigns to promote products and services. 2. Work with corporate marketing to optimize the effectiveness of branding initiatives across social media, including Google Ads and other search engines. 3. Work closely with marketing and communication professionals to coordinate and produce market communication materials and content for physical events and digital marketing.",[]
【實習生】社群行銷實習生 / 影音實習生 / 課程企劃實習生,Pic a Life 玩閱科技有限公司,玩轉實習計畫」 誠摯邀請對兒童教育、遊戲化設計、媒體視覺、活動企劃、社群行銷有想法的同學加入實習計畫！ 【💡實習相關資訊】 - 地點：天賦製夢所-近龍山寺捷運站 (台北市萬華區西園路一段145號B2 No,"['photoshop', 'illustrator', 'Event Planning', '']"
付費運營實習生,MEXC,"付費渠道優化和拓展 ： 精通在各種廣告平台上優化活動，包括Google, Meta廣告、廣告網絡、TikTok廣告等。 數據驅動優化 ：圍繞核心 KPI（例如ROAS、CPA等），跟蹤、分析和優化每個活動，以識別優化用戶渠道的機會，分解覆雜",[]
Sales & CS Project Internship 市場開發與客戶成功專案實習,Aibou,Aibou 是獲得 2024經濟部潛力新創獎 ，且入選 500Global 加速器、 AppWorks 加速器及 社會創新實驗中心 的頂尖新創。 我們的產品 Aibou Crew 是一個雲端人資長兼營運長的SaaS 系統，可自動化結薪和人力成本預測，協助中小企業,"['SaaS', 'Notion', 'Taiwan', '']"
社群媒體經營 Social Media Marketing Intern（實習 / 兼職）,Enjoy TV Holding Sdn Bhd,心血夢想即將在 2025年3月1日，國有無線電視 Channel105 啟播（緊接在TV3之後）。加入 Enjoy TV，成為我們節目部的實習助理，協助我們在多媒體領域發揮創意！ 實習工作內容： 協助管理 3 - 5 個社群媒體帳號，包括 Facebook,"['Photoshop', 'Google Drive', 'Communication', '']"
營運部｜客戶成功實習生 Customer Success Intern （文字客服／無經驗／長期實習／表現好可轉正）,Autopass Inc — 麻吉行得通股份有限公司,👉 具體工作內容 日常客服以及客戶來信案件處理 熟悉公司服務內容及客服作業流程 主管交辦行政事項,"['文字', 'intern', 'Customer Service', '']"
[2025 暑期實習計畫－優先獲得畢業預聘機會] 應用工程師實習- 類比 Field Applications Engineer(FAE),Texas Instruments 德州儀器工業股份有限公司,加入TI，你有機會與全世界的菁英互動，TI更是你展現獨特智慧與潛能的最佳平台。 ▋ 實習期間及實習地點 • 實習期間：2025年07月至2025年08月 • 實習地點：台北松山業務辦公室 ▋ 應用工程師實習職務,[]
SEO商務開發實習生,零一成長行銷有限公司,力，歡迎你主動提出想法 你可以與創辦人或PM一起提升專案的高度與極限！ 參加過我們戰鬥營及實習計畫的同學，有錄取dcard、綠藤生機、嬌生、L’oreal 等知名公司及國外知名研究所，只要你敢夢也有行,[]
Social Media Intern 社群行銷實習生,每日幣研,【工作內容】 協助推特貼文、Telegram 頻道以及 Threads 等頻道上之貼文產出。 根據自身有興趣的主題，尋找及整理相關內容素材（總經、鏈上數據、迷因文化、監管、公鏈、DeFi 等） 協助經營官方 Telegram 群，在每天數千則訊息中,"['marketing', 'Community Management', 'blockchain', '']"
日本商務開發實習生 Japanese Business Development Intern,GliaCloud 集雅科技,協助 GliaCloud 產品推廣至日本業務銷售及提案 充分理解 GliaCloud 產品，與日本客戶開會、維護客戶關係並提供顧問服務 協助準備海內外行銷活動、展覽與材料文件 蒐集市場情報，分析策略並撰寫報告書 其他,[]
專案與行銷企劃實習生,CLN_新貴語文顧問股份有限公司,能專注且快速的完成不同的行政事務，且懂得思考優化各項行政流程。 ③ 行銷能力：在校園 / 以往實習經驗中，你時常擔任活動宣傳、產品行銷的角色。你有經營過 Instagram 以及 Facebook 帳號的經驗，或是使用過,"['word', 'powerpoint', 'excel', '']"
C# 後端 API 開發實習生 (每週需排班四天以上 需有Web經驗跟作品),APPX時賦科技有限公司,業的績效管理系統、企業預算審核平台等。 工作上，會有RD team leader協助規劃系統架構，分派開發項目給實習生參與， 並依據實習生的能力調整分派項目， 實習生會直接參與業界在開發上的專案過程。 目,"['NodeJS', 'JAVA', 'C#', '']"
實習生-AI APP運營助理(非短期寒暑假實習）,玩美行動股份有限公司,【AI App產品實習生】 招募中！ 本職缺將以【海外市場運營】為核心，可參與目前在北美/拉美市場成長迅速的 AI影像App - Gemix推廣，若你是一位對 App 有熱忱，也是一個細心、喜歡探索海外社群、AI新玩法的年,"['PowerPoint', 'Excel']"
SaaS Front-End & AI Intern 前端與AI專案實習,Aibou,勞工權益 。 想要更了解Aibou Crew嗎？ 看看CEO Bouchen 的AppWorks Demoday Pitch （90秒） 或是 我們的官網 【SaaS Front-End & AI Intern 前端與AI專案實習】一職將與CEO & CTO 直接配合，快速迭代產品前端創造更好的用戶體驗。 妳/你可以直接造成的影,"['Test Automation', 'LLM', 'Front-End Development']"
JAVA 助理工程師 (工讀/實習) (需會Java程式)﻿ 每周白天須至公司2~3天 (不接受遠端與短期工讀),雲集科技行銷有限公司,如果您想有全方位的系統開發建置學習機會，想要挑戰系統開發的領域，未來想要能獨當一面，而不是只在大公司裡當個螺絲釘人才，我們會是你的選擇。 公司專案項目：既有系統維護除錯、客製化,"['javascript', 'HTML', 'CSS', '']"
"產品經理實習生 (Intern, Product Manager)",樂堤科技 FUNTEK,我們正在尋找一位熱情且積極主動的產品經理實習生，加入我們團隊，協助推動產品的成功交付。你將能夠透過實際參與軟體專案，以及產品開發流程，深入了解並累積的專案與產品管理經驗。 職,"['Figma + Canva', 'API Testing', 'API Design', '']"
(兼職) 客戶企劃 實習生 Account Planner Trainee,麻布數據科技股份有限公司,工作內容｜與 Account Manager 團隊一起完成專案與行政支援工作 我們正在尋找對行銷、數據與品牌營運有興趣的你，一起加入我們的 AM 團隊。你將協助團隊服務大型集團客戶，完成日常專案追蹤、數據資料整,"['Word', 'Excel', 'PowerPoint', '']"
實習生-越南市場行銷助理 (Thực tập sinh - Trợ lý Marketing Việt Nam)(非短期寒暑假實習),玩美行動股份有限公司,【越南市場行銷實習生】 招募中！熱烈歡迎越南籍在台學生加入！ 如果你熱愛拍照修圖、是社群媒體重度使用者、了解越南年輕人最新流行趨勢，歡迎投遞履歷！ 加入我們，你將負責或參與這些工作內,"['行銷相關', '用戶訪談', '社群經營', '']"
台股/數幣量化交易實習生,衍盛金融科技有限公司,交易有濃厚興趣； 3. 有團隊意識，樂於溝通。 【如果你想加入...】 • 請告知你希望申請台股或數幣實習； •請提供你的履歷，讓我們認識你的經歷及背景； • 若有相關工作經驗，請簡述該經驗; • 請告訴我們,"['crypto', 'python', 'numpy', '']"
專案企劃實習生,蹦世界數位創意股份有限公司,▍應徵者請附上履歷、作品集、工作規劃，寄至[email protected] Popworld是全台最大 實境解謎遊戲 與 智慧導覽 平台，且提供免費創作。 Popworld致力於打造一個更有趣的世界，以人為核心，設計方便、簡單、改善人們生活,"['word', 'powerpoint', 'excel', '']"
UX UI 設計實習生,iNewMe 艾檸美科技有限公司,測及保養美容科技公司。公司分佈於台北及深圳。 實習薪資：2萬2千~2萬5千元，面議，根據每週可實習天數計算。 實習天數：每週實習天數3-4 天為佳（面議） 實習時長：6個月起簽，最長可至12個月 公,[]
數位設計實習生 Digital Design Intership,Eslitec 以力股份有限公司,【工作內容】 1. 平面設計 2. 聊天機器人製作設計 3. 製作簡報或準備資料 4. 協助行政事務 5. 主管交辦事項 【工作地點】 在家工作 【工作時間】 09:00 - 18:00 (可彈性調整),[]
獵頭實習生,傑優有限公司,你對人力資源與招募充滿興趣嗎？想學習如何 從零開始發掘菁英人才 ，並建立完整的人才資料庫？我們正在尋找 主動積極、喜歡與人互動的實習生 ，與專業顧問並肩作戰，一起挖掘優秀人才 NicheBridge是專,[]
2025 星展暑期實習計畫開跑，解鎖你的金融潛力！,星展銀行 (台灣),【線上說明會】：03/19 (三) 14:00~15:00 手刀報名 https://www.surveycake.com/s/v0KDe 【實體校園活動時程】： ．03/08(六) 09:30~16:30 台灣大學 徵才博覽會 (蒲葵道垂葉榕道小椰林道展區 金融區 354、355號攤位) ． 03/11 (二,"['暑期實習', '外商銀行', '實習', '']"
(2025 實習) Data Engineer - ETL Specialist (時薪260) (Remote work available),Quid,關於Quid（NetBase美商網基品牌） 總部位於矽谷，Quid是一家快速成長且充滿創業精神的公司。在全球社群媒體分析平台上，我們處於世界領先地位！ 我們將網際網路上的資訊，如 Facebook 貼文、Instagram圖片、 YouTube留言、Twitter 、各大,[]
行銷社群實習生,Giloo,｛社群實習生*1｝ ．社群內容發想與圖文製作（經主管討論與審核） ．社群短影片剪輯 ｛行銷企劃實習生*1｝ ．協助行銷市場調查：蒐集案例、開發名單整理 ．其他行銷支援：聯繫校園窗口、協助檢查影片資料 ．協,[]
實習生（美編，企劃）,壹壹影業股份有限公司,壹壹是間很小的影視開發製作公司，但做的事情很多！ 有很棒的導演和編劇跟我們合作，也有很棒的故事。 我們5年內完成了3部作品， 分別是《接招吧！製作人》、《今夜一起為愛鼓掌》、《監所男子囚生記》 想,"['Word', 'Excel', 'PowerPoint', '']"
【外商人力資源公司】約聘與派遣部 - 招募顧問實習生 Consulting Intern,PERSOLKELLY 台灣英創管理顧問股份有限公司,的推手外，協助候選人找到適合的職務，貫徹 Work and Smile 的價值觀，為 PERSOLKELLY 招募顧問團隊的職志。 關於這份實習機會 作為 PERSOLKELLY 約聘與派遣事業的顧問實習生，除了有機會與知名企業客戶合作，更能透過面對,[]
社群行銷實習生(Social marketing trainee),Memopresso Taiwan,MEMOPRESSO 致力於提供新一代的回憶保存與分享體驗，於亞洲已經超過 100 個線下零售通路站點，每月能接觸百萬以上人群，近期更入選為 LINE Taiwan 的新星計畫、輔導韓式拍貼機-Snapshot妞拍貼、Tagnology社群行銷工具、自助,"['台北', '信義區', 'Data Analysis', '']"
媒體實習生,MEXC,負責協助pr組做媒體對接 要求：配合度高，抗壓能力強，中英文可以作為辦公語言,[]
【2025佰德實習計畫】獵頭實習生 Recruitment Consultant Intern (台北/新竹),Platinum International Consultants Ltd.,亞洲各主要市場。 我們誠摯邀請對「招募產業」、「商業策略」與「人才市場」有興趣的你， 加入我們的半年制實習計畫！ —我們相信，好的實習不是從旁觀察，而是讓你真正參與、實戰學習。— 在這裡，你將走進顧問的,[]
(2025實習) Backend Engineer (時薪260）(Remote work available),Quid,關於Quid（NetBase美商網基品牌） 總部位於矽谷，Quid是一家快速成長且充滿創業精神的公司。在全球社群媒體分析平台上，我們處於世界領先地位！ 我們將網際網路上的資訊，如 Facebook 貼文、Instagram圖片、 YouTube留言、Twitter 、各大,[]
[2025 暑期實習計畫－優先獲得畢業預聘機會] 技術行銷工程師實習 Technical Sales Engineer Summer Internship Program,Texas Instruments 德州儀器工業股份有限公司,加入TI，你有機會與全世界的菁英互動，TI更是你展現獨特智慧與潛能的最佳平台。 ▋實習期間及實習地點 -實習期間：2025年07月至2025年08月 -實習地點：台北松山業務辦公室 ▋技術行銷工程師實習,[]
2025年臺亞會實習生 2025 TAEF Intern,財團法人臺灣亞洲交流基金會 Taiwan-Asia Exchange Foundation,請申請者提供書面佐證資料。 二、本次實習期間預計於2025年5月初開始(希望最少擔任半年或一年)。實習表現優良者，得延長實習計畫，並深度參與更多專業性的會務工作。實習時間會的安排，因暑假,[]
學生實習Internship,華泰電子股份有限公司 Orient Semiconductor Electronics,工、工安或管理相關科系之大四、碩二學生 實習部門：依所學本科專業分配 實習時間：暑期接續學年實習(113/07~114/06)、下學期實習(114/02~114/06) 實習期間每周(一~五)工時至少32小時 *實習結束表現,[]
商務開發實習生,17FIT,17FIT為發展全台最大的運動課程電商平台，現正強力招募商務開發實習生！ 歡迎熱愛運動/健身，活潑開朗/不怕生人的你，加入我們的行列！ 商務開發實習生的主要工作，在於 ： 1. 對公司所提供的,['']
視覺設計師_暑期實習生,永業創意整合有限公司,以VIGHT 品牌運動產品開發設計為核心，產品類型為滑雪風鏡、運動太陽眼鏡、越野風鏡，設計師須具備戶外運動產品設計熱誠，歡迎對運動視覺設計有興趣的實習生。,"['Premiere', 'Blender3D', 'office', '']"
【實習生】“競技”運動科學 分析助理,應諾吉運動訓練有限公司,｜關於我們｜ 應諾吉長期致力於競技運動員訓練，也是台灣運動表現發展的先驅。 公司聚集了對專業領域有高度熱誠的一群人！ 期待到應諾吉的每一個人都能灌注強健的基因，並無限擴充的潛能,"['excel', 'powerpoint', 'word', '']"
影音製作實習生,超合金影音廣告社,拍攝執行到後製剪輯，完成商業影片製作。 工作時間：每週至少進公司3天 工作內容：影音製作助理，企劃發想、資料蒐集、拍攝現場執行、影片後製(剪輯上字、整理素材)、攝影棚管理。 每月提供實習車馬費,['Premiere']
Data Entry Person 資料輸入人員（可兼職/工讀/實習）,"BlueX Trade Co., Ltd.","* 實習/工讀可安排期間至少3個月以上，每週20小時以上。 Job Description: We are seeking a detail-oriented and logical Data Entry Person to join our team. In this role, you will be responsible for accurately managing and processing data, ensuring information consistency, and supporting business operations. The ideal candidate should be a quick learner, possess basic English skills, and have a strong",[]
DevOps 實習生,GliaCloud 集雅科技,作為 DevOps 實習工程師日常工作內容不僅是維護現有系統的穩定性，你還將參與和推動各團隊技術的前沿發展，用科技創造價值。 職責： 優化 CI/CD 流程，確保系統的高可用性。 參與日常系統維運和監,"['DevOps / CI / CD', 'AI', 'DevOps']"
【凱基金控】2025 暑期實習(Intern)計畫,凱基金融控股股份有限公司 | 凱基銀行 | 凱基證券 | 中華開發資本 | 凱基人壽 | 凱基投信,機會 - ⏰ 計畫時程 📌 履歷收件期間：自即日起至 2025 年 3 月 31 日(一)止 📌 報到日：2025 年 7 月 1 日(二) 📌 實習期間原則以 2025 年 7月 1 日 – 8 月 31 日為主，實際期間視各單位決定。 - 【凱基金控集團 2025 Intern 暑期實習,"['實習', 'intern']"
【Taiwan Mobile 實習計畫】Intern-品牌與社群經營,台灣大哥大,「台灣大實習計畫」熱烈招募中，實習生不限國籍、實習時間不限寒暑假、實習期間將由專屬導師(Mentor)帶領您，讓您和業界接軌，成為引導 Web 3 新時代的科技菁英，跟著我們一起 Open Possible 展開您的人生新篇,[]
實習生-人事行政助理 (非寒暑假短期 & 歡迎應屆畢業生）,玩美行動股份有限公司,美圖產品用戶在全球皆高速增長，不斷求新求變、跟進AIGC趨勢，持續優化產品功能及用戶體驗，創造多國佳績！ 若你/妳熱衷在人事行政領域上累積經驗並且充滿滿滿滿的自信可以在這崗位上發,"['Photoshop', 'Google Drive', 'powerpoint', '']"
【Vesta Association】數位行銷實習生,Tomofun 寵物AIoT科技新創,【Application Channel】 Please apply via: https://grnh.se/28488f183us 【 About the Vesta 】 『Vesta 夢想起菲』是Tomofun執行長Victor於大學時期 (2007年) 成立的志工團隊，致力於協助菲律賓貧民窟的居民重建家園，後於2015年正式成為Tomofun CSR team，持續透過企業的力量,"['Social Media Content Creation', 'internship']"
影音企劃實習生,Dcard 狄卡科技股份有限公司,多優秀的人才加入 Dcard。為了達成這個目標，促使新型態業務有更快的擴展速度，我們需要影音企劃實習生加入我們的團隊，從觀眾需求，和剪輯師、業務團隊合作開發打造各類影音系列及服務。 我們,[]
(2025實習) Quid Connect Solution Engineer (時薪260）(Remote work available),Quid,關於Quid（NetBase美商網基品牌） 總部位於矽谷，Quid是一家快速成長且充滿創業精神的公司。在全球社群媒體分析平台上，我們處於世界領先地位，達到30%以上的成長！ 我們將網際網路上的資訊，如 Facebook 貼文、Instagram,[]
SEO Content Intern SEO 內容實習生,拓荒數碼科技股份有限公司,隊構思優化方向 其他：協助編排與更新網站文章，確保內容的品質與更新頻率 福利待遇 / Benefits: 提供實習津貼及學習機會 靈活的工作時間安排，支持遠距工作 有機會參與區塊鏈領域的專案，獲得寶,[]
課務行政實習生,智谷網絡股份有限公司,需要新世代的您們，來跟我們實踐與開創下一世代的學習。 我們正在尋找「課務行政助理(工讀生/實習生)」，你認同我們的召募計畫，也非常熱愛學習與喜歡挑戰，邀請你加入我們的行列。我們主要服,"['Word', 'PowerPoint', 'Microsoft Office', '']"
APP運營實習生,MEXC,了解運營增長邏輯，深入了解熟悉轉化活動/方案從策劃到執行細節 參與觸達策略，結合數據分析優化增長模式 實戰項目管理，鍛煉跨部門（數分、設計、國家線、產品、團隊）協作能力 深度參與創意策,[]
[2025 暑期實習計畫－優先獲得畢業預聘機會] 製造部課長實習 Manufacturing Supervisor Summer Internship Program,Texas Instruments 德州儀器工業股份有限公司,式的發展史」；加入TI，你有機會與全世界的菁英互動，TI更是你展現獨特智慧與潛能的最佳平台。 ▋ 實習期間及實習地點 • 實習期間：2025年07月至2025年08月 • 實習地點：新北市中和封測廠 ▋ About the job Texas Instruments,[]
Intern 實習生,基石創投,🌱 加入基石創投，一同打造台灣新創生態－實習生計畫 基石創投 Cornerstone Ventures 正在招募實習生，尋找願意與我們一同成長、擁有創業家精神的未來夥伴。我們相信 “The Future is Unwritten”，秉持著為台灣早期創業團隊創造,"['台灣台北', 'Intern', '實習生', '']"
Wordpress 網站工程師  (遠端實習生 Intern),禮品購 - 禮品客製,"後可優先轉正職 3 實習為學分實習，故無提供薪資。實習期滿，給予實習證明，並依能力提供獎學金 【實習獎學金】 實習期滿後，獎學金可達 ： 全期 : 44,000元(240小時) / 66,000元(3360小時) 學校企業實習計畫 ※此職","['WooCommerce', 'Wordpress', 'Wordpress Developer']"
實習生-歐美市場行銷助理(Global Marketing Intern) (美加外籍來台留學生)( Foreign students are preferred),玩美行動股份有限公司,每週至少可排班20小時以上 (24小時以上尤佳) 2. 中文&英文 - 聽說讀寫精通，語言能力要求須符合: 多益860以上 / 托福110以上 / 雅思7以上 3. 此為半年以上長期實習職缺 ※不適用者不另行通知,"['Excel', 'PowerPoint']"
行銷專員 實習生,愛飛媒平股份有限公司,"◎工作內容描述： 1、行銷素材、圖文製作 2、訂定行銷策略與執行 3、經營社群軟體（Instagram, Facebook, Youtube） 4、企劃提案、投影片製作 5、廣告投放（看需求） 6、工作地點：依合作性質討論是否在家工作","['word', 'photoshop', 'illustrator', '']"
【Taiwan Mobile 實習計畫】Intern-ESG永續發展,台灣大哥大,「台灣大實習計畫」熱烈招募中，實習生不限國籍、實習時間不限寒暑假、實習期間將由專屬導師(Mentor)帶領您，讓您和業界接軌，成為引導Web 3新時代的科技菁英，跟著我們一起Open Possible 展開您的人生新篇,['2024 ESG']
品牌商務/內容行銷/課程營運 實習生,達特艾立醫學品牌顧問 （股）,【品牌商務實習生】 https://rb.gy/jv9n7i ► 工作內容： 品牌商務合作洽談協助（包含日常訊息及業務開發數據統計整理） 社群、KOL、口碑的行銷企劃執行協助 內容行銷執行如社群文字、圖片、影音等產製,"['Communication', 'Google Drive', 'Canva', '']"
QA 自動化測試實習生,SWAG,串流內容。SWAG Live 持續擴大其全球影響力，並正在尋找對測試領域充滿興趣、願意學習且細心負責的 實習生 來協助 QA 團隊進行自動化測試工作。 在 SWAG，我們的 QA 團隊不僅負責產品的品質保證，更是開,[]
電商行銷企劃實習生 - 一同加入精誠集團國際美妝品牌營運團隊！ (台北復興北路),SYSTEX 精誠資訊,美妝電商行銷實習生 - 邀請你加入精誠資訊的國際美妝品牌營運團隊！ 對數位行銷充滿熱情，並想要深入了解美妝產業的你，我們在尋找這樣的你！在這裡，你將有機會參與全球知名美妝品牌的數,[]
海外遊留學業務實習生,EF Education First 英莩留學服務股份有限公司,"職務性質: 兼職 需求人數: 1人 職類: 工讀生,行政助理,業務助理 職務說明: 於週一至週六間自選，每週可工作至少3-4天，此工作期間為3-7月。 主要協助 (不限) 行政部門key資料、整理檔案、需電訪/聯繫",[]
【信義房屋】2025 菁英幕僚暑期實習計畫 l 立即報名！4/7截止收件,信義企業集團｜不限科系背景，歡迎加入信義,"完整的房產產業運作模式。我們誠摯邀請你與我們共同投身永續經營的實踐，成為改變的一部分。 實習時間 ：2025 年 07 月 01 日 至 2025 年 08 月 31 日 實習薪資 ：大學 33,000元/月、研究所 35,000元/月 實習部門","['Microsoft Office', 'Communication', '2024 ESG', '']"
【TDS0102I】UI/UX 設計師實習生,SHOPLINE 商線科技,SHOPLINE 全球智慧開店平台，創立於 2013 年，2014 年獲選加入矽谷 500 Startups 加速器計劃，是香港多年來第二間加入的團隊，2015 年正式進入台灣市場。SHOPLINE 是致力於協助品牌一舉創建、管理線上與線下商店的一站式智,[]
前端工程實習生(Intern- Frontend Developer),Memopresso Taiwan,MEMOPRESSO 致力於提供新一代的回憶保存與分享體驗，於亞洲已經超過 100 個線下零售通路站點，每月能接觸百萬以上人群，近期更入選為 LINE Taiwan 的新星計畫 在這個職位妳/你會參與建構與拓展 MEMOPRESSO 的內容,"['frontend engineer', 'React.js', 'reactjs']"
【Site-specific Project 田野計畫】實習生 | 長期工讀生,打開台北 | Culture Lab,編譯 群眾募資 / 社群行銷專案規劃 0.例行活動 設計企劃提案 行政文書作業 知識盤點、讀書會 【實習模式】 地點：臺北 / 宜蘭 (依工作需求及個人狀況討論調整) 時間：寒暑期 / 長期配合 (可討論並依,"['UX', '服務設計', '地方創生', '']"
【2025年遇見未來･富邦實習】學生職場實習_客利給付行政人員(北/中),富邦人壽保險股份有限公司,習活動課程。 想在畢業前累積實務經驗，學習職場溝通、提升職場競爭力嗎？ 歡迎加入【遇見未來･富邦實習】。 ★實習期間：2025/02~2025/06 ★實習內容： 1.計劃性的學習理解保單生命週期。 2.了解保險,[]
【蟬說旅宿】行銷企劃 實習生,蟬說生活股份有限公司,《蟬說》不只是一個旅遊產品，更希望打造出具有代表性的休閒生活品牌， 讓世界看見這塊土地的美好。 希望可以透過品牌文化傳承、支持在地的店家與資源，以此將在地創生、文化傳遞、永續旅遊的,"['2024 ESG', '品牌', 'Facebook', '']"
實習生 - 廣告分析助理 (非短期寒暑假實習),玩美行動股份有限公司,"須可配合進辦公室工作，且每週至少可排班20小時以上 (24小時以上尤佳) 2. 此為半年以上長期實習職缺 3. 領悟力高且喜歡主動思考, 工作仔細有耐心 4. 擅長溝通，能團隊合作 5. 中英聽","['excel', '產品企劃', '社群行銷', '']"
Social Marketing Intern 社群行銷實習生,拓荒數碼科技股份有限公司,"Job Description: Assist the Social Marketing Specialist in executing marketing plans on Facebook, Instagram, and YouTube. Help create Reels scripts and learn video shooting and editing skills. Manage content scheduling and posting on social media platforms to maintain activity. Monitor community feedback, assist in data organization, and provide reports. Assist in planning online events to increase fan engagement. Benefits: Internship stipend and learning opportunities. Flexible working hours wi",[]
課程營運實習生,BetweenGos,#BetweenGos 夥伴招募✨ #課程營運實習生 正式進入職場之前，或是你正在 GAP YEAR 希望嘗試課程營運工作，歡迎你加入我們，一起創造更多故事，看見不一樣的職涯可能！這次招募 1 名實習生哦！ - 》關於 BetweenGos BetweenGos 成,"['Canva', 'Word', 'Excel', '']"
[2025暑期實習計畫－優先獲得畢業預聘機會] 產品測試工程師實習 Product/Test Engineer Summer Internship Program,Texas Instruments 德州儀器工業股份有限公司,TI更是你展現獨特智慧與潛能的最佳平台。 【實習期間及實習地點】 -實習期間：2025年07月至2025年08月 -實習地點：新北市中和區興南路一段142號 OR 新北市中和區中正路866號 【產品測試工程師實習職務,[]
【實習計畫】行銷實習生 ( 台北 ),台灣固網股份有限公司,「實習計畫」熱烈招募中，實習生不限國籍、實習時間不限寒暑假、實習期間將由專屬導師(Mentor)帶領您，讓您和業界接軌，成為引導Web 3新時代的科技菁英，跟著我們一起Open Possible 展開您的人生新篇章。 1.,[]
行銷實習生,智谷網絡股份有限公司,【在投遞之前】 “將知識傳播給更多人知道; 促動他人的成長，是種渾然天成的熱忱！” 如果你能夠體會並認同以上這段話，歡迎參與這次我們的招募計畫。 因為，這是我們立基20多年的文化， 20多年學習,"['powerpoint', 'photoshop', 'illustrator', '']"
用戶體驗設計/產品經理實習生  UX Design/Product Management Intern,Locarue (formerly T-Jay Commerce),創公司，我們提供了一個充滿學習機會、創新和職業成長的環境。 您的角色 作為一名用戶體驗設計實習生，您將在設計直觀且具有影響力的用戶體驗方面發揮重要作用，為 LOCARUE 的數位解決方案添磚,"['Product', 'Product Management', 'UX', '']"
【Taiwan Mobile 實習計畫】Intern-電信金融UI/剪輯設計,台灣大哥大,「台灣大實習計畫」熱烈招募中，實習生不限國籍、實習時間不限寒暑假、實習期間將由專屬導師(Mentor)帶領您，讓您和業界接軌，成為引導Web 3新時代的科技菁英，跟著我們一起Open Possible 展開您的人生新篇,[]
實習生-台灣市場行銷助理(非短期寒暑假實習),玩美行動股份有限公司,【台灣市場行銷實習生】 招募中！ 如果你熱愛拍照修圖、是社群媒體重度使用者、了解年輕人最新流行趨勢，歡迎投遞履歷！ 加入我們，你將負責或參與這些工作內容： ◆官方社群經營 (IG/Twitter/Tiktok等) ◆,"['Word', 'PowerPoint', '行銷', '']"
人力資源部_實習生(HR Intern),美好證券 Good Finance,把「人」的事情做對了，創新和績效會自然而來。我們在尋找一位細心、富有愛心和同理心的人力資源實習生，協助人資主管各項人力資源工作，把公司理念落實到每一個制度設計環節中並加以實踐,"['Communication', 'Google Drive', 'PowerPoint', '']"
社群編輯行銷實習生,蹦世界數位創意股份有限公司,▍應徵者請附上履歷、作品集、工作規劃，寄至[email protected] 想要跟我們一起蹦遊全世界嗎？一邊玩一邊工作！ 我們要招募實習生夥伴啦！快快來成為我們的一員吧~ ​ 【主要工作內容】 1. 經營社群，發文撰,"['Facebook', 'Instagram', 'powerpoint', '']"
數位遊牧行銷實習生,丞相帶風象行銷有限公司,於通過口碑社群媒體策略，為品牌打造獨特的市場印記。現在，我們正在尋找充滿熱情、創意滿滿的實習生加入我們的團隊！ 📍 我們是誰📍​ 丞相帶風象行銷有限公司是一家由口碑、網紅、SEO、APP行銷起,"['行銷', '數位遊牧', '論壇']"
🍰【女生聲優實習生 Voice Actor Intern】— 加入我們，讓聲音為品牌說話！,深智科技股份有限公司,🍰【女生聲優實習生 Voice Actor Intern】— 加入我們，讓聲音為品牌說話！ 你對聲音表演充滿熱情嗎？是否擁有 甜美清亮 、 親切自然 ，或是像新聞播報一樣 專業沉穩 的聲線？我們正在尋找一位具備多變聲線、熱愛語音,[]
【CMKT0601I】產品 FAQ 實習生/ Copywriting Intern,SHOPLINE 商線科技,【What you will be doing】 - 學習產品功能使用流程 - 協助撰寫、編輯產品相關 FAQ 教育文件,[]
平面設計實習生,SAT. KNOWLEDGE 知識衛星,【關於知識衛星】 知識衛星是台灣領先的線上教育平台，致力於打造一個讓學習者隨時隨地能夠提升自我、拓展技能的環境。自創立以來，我們不斷拓展課程領域，涵蓋了多元的學習需求，讓每一位,[]
Intern實習生(Customer Consultancy Management)_客戶諮詢管理部,法商法國巴黎人壽保險股份有限公司台灣分公司,疑 4. 協助電話外撥執行法令相關規範電訪作業 5. 協助電話外撥通知保戶繳交保險費未成功者 6. 協助單位達成目標，並確認服務品質 7. 其他主管交辦任務 實習期間為2025年7月~12月。,[]
《新創實習》全端工程師實習生 (Full Stack Developer) Internship,捷德爾有限公司,保有很大程度的自主權，你可以自行提案、並實做你的想法，如果你想要一展長才，歡迎加入我們! ▍實習亮點 What You can Learn/Get: ．優於業界高時薪 ．新創軟體開發經驗，如何找到使用者痛點，並開發對應服,"['powerpoint', 'word', 'Google Drive', '', '']"
後端實習工程師,GliaCloud 集雅科技,協助前後端工程師，可以學習到設計並且打造兼俱效能、彈性的智能影片製作平台、參與團隊協作與討論以及具體軟體開發流程，適合想要接觸 Python 程式開發的人 以下是你會接觸到的工作內容，只,"['AI', '人工智慧', 'Python']"
【台中/彰化/虎尾】2025實習生計畫(學年制),矽品精密工業股份有限公司 SPIL,"設備助理工程師 1.執行設備維修、改機換模、一般保養以維持設備正常運轉。 2.依標準作業規範執行 Repeat改機。 3.依照標準作業規範,進行部品更換。 4.依照規範執行初階保養(日/周/月/",[]
總公司 財務部 財務實習生_台北,家樂福_家福股份有限公司,【實習時間】 一週至少實習三個整天。 【工作內容】 - 收入循環：合約審核及管理，應收帳務立帳、沖帳。 - 處理其他一般會計帳務。 - 其他專案及主管交辦事項。 【專業知識培訓】 - 期望實習生參與部門實際業務運作,['']
SEO內容編輯實習生（可遠端作業）,夢想銀號科技股份有限公司 （DreamLoan）,【歡迎 2025年 5月起有興趣可投入實習的同學們加入喔】 💡在這裡實習將會擁有： ● 學習不完的新知與投融資評估實務，可從旁觀察公司創業過程與發展。 ● 金融科技知識的學習，並有 Mentor 給予建議,"['GA', 'ChatGPT']"
【Taiwan Mobile 科技大神培育實習計畫】Intern-IT,台灣大哥大,台灣大「科技大神培育實習計畫」熱烈招募中，實習生不限國籍、實習時間不限寒暑假、工作地點不限線上或線下(實體)，實習期間將由專屬導師(Mentor)帶領您透過實作，學習產業實用的技術框架，讓您和業,[]
《新創實習》爬蟲程式開發與平台維運實習生 (Back End Engineer) Internship,捷德爾有限公司,才，歡迎加入我們! 我們公司地點在【捷運科技大樓站】附近，有一間很漂亮的辦公室，交通非常方便~! ▍實習亮點 What You can Learn/Get: ．優於業界高時薪 ．新創軟體開發經驗，如何找到使用者痛點，並開發對應服,"['Word', 'Canva', 'Excel', '', '']"
[2025暑期實習計畫－優先獲得畢業預聘機會 ] 封裝工程師實習 Packaging Engineer Summer Internship Program,Texas Instruments 德州儀器工業股份有限公司,加入TI，你有機會與全世界的菁英互動，TI更是你展現獨特智慧與潛能的最佳平台。 ▋ 實習期間及實習地點 -實習期間：2025年07月至2025年08月 -實習地點：新北市中和封測廠 ▋ 封裝工程師實習職務說,[]
【AmazingTalker】影音實習生-剪輯 | 行銷 （無經驗可）,AmazingTalker,"About Us AmazingTalker 致力建立一個全方位的 線上教學平台 ，讓任何人都可以找到最適合自己的 家教 ，以不斷提昇線上教師收入為使命。始於 2017 年，目前平台上約有 10,000 名教師、超過 220 萬名學生，以及進行 550 萬堂","['Final Cut Pro', 'Adobe Premiere Pro', 'Maketing', '']"
Intern實習生(IT Business Analysis)_資訊部,法商法國巴黎人壽保險股份有限公司台灣分公司,1. 建議書測試 2. 建議書BA分析 3. XO Setting 4. 報表&Dashboard *歡迎大學、研究所之金融保險、資訊管理相關科系全職學生投遞，能配合2025年7月至12月者優先。,[]
〔實習〕2025年 Early Win職場體驗計畫（一年期）,台新國際商業銀行 TAISHIN BANK,【計畫說明】 1. 實習期間：2025.07.16 – 2026.07.31（一年期） 2. 實習地點：全台（依職務據點所在地） 3. 實習時間：週一至週五，每週至少安排三個整天實習 【實習職務】 ｜大學學歷｜ ★ 存匯作業實習生（全,[]
【實習計畫】Enterprise Business實習生 ( 台北 ),台灣固網股份有限公司,「實習計畫」熱烈招募中，實習生不限國籍、實習時間不限寒暑假、實習期間將由專屬導師(Mentor)帶領您，讓您和業界接軌，成為引導Web 3新時代的科技菁英，跟著我們一起Open Possible 展開您的人生新篇章。 【實習,[]
2025 實習生招募計畫 - Marketing Intern,新芽網路股份有限公司,"投遞履歷請一律至專屬的職缺網頁： https://25sprout.teamdoor.io/s/7RuFl7sM 透過此平台投遞將不會回覆唷 Following our successful $3 million Series A funding, SurveyCake is expanding into global markets, with a strong focus on Thailand and other Southeast Asian countries. We are looking for a highly motivated intern to support our marketing efforts in","['Global Marketing', 'Marketing', 'social media marketing', '', '']"
【2025-學年實習專區】企業學年實習生,頎邦科技股份有限公司,【常日班】 ➊封裝製程類-濺鍍、黃光、電鍍、蝕刻、切割、挑揀製程站點 -新產品、新製程開發與導入協助 -製程穩定性監控與維護 -製程異常排除與改善 -實驗規劃與資料分析 ➋封裝設備類-濺鍍、黃光、切割、挑,[]
[2025 暑期實習計畫－優先獲得畢業預聘機會 ] 廠務工程師實習 (電機)Facilities Engineer Summer Internship Program,Texas Instruments 德州儀器工業股份有限公司,加入TI，你有機會與全世界的菁英互動，TI更是你展現獨特智慧與潛能的最佳平台。 ▋ 實習期間及實習地點 -實習期間：2025年07月至2025年08月 -實習地點：新北市中和封測廠 ▋ 廠務工程師實習職務說,[]
實習生,台灣創生平台股份有限公司,職務內容 : 實習生 兩名 產業研究 * 產業資訊彙整與研究。 * 資料收集、分析與編輯。 * 支援各項專案活動。 * 主管指派交辦事宜。 活動行銷 * 電子報、官網後台維護管理(名單、圖文上線)。 * 協助專案行銷企劃與執行(包,['']
影音實習生（長期招募）,臺灣各種吧股份有限公司,你是具備棚拍/外景拍攝能力，也會YT影片或社群短影音剪輯的人才嗎？ 我們在找擅長透過鏡頭說話的你，替「教育媒體」發聲、讓我們跟你的作品一起被看見！就快來寄件投遞作品集跟履歷吧！,"['Google Drive', 'Canva', 'Photoshop', '']"
實習生 - 網路文案編輯（遠端實習),禮品購 - 禮品客製,行就學中學生校外實務實習訓練而設置，實習結束公司將提供實習證明，以供學校抵扣學分使用。 ※實習時數期間依專案給予獎學金 (非時薪)。 ※實習期滿後，會提供實習證明書。 ※實習期間：依學校及學生,"['copywriter', 'SEO']"
[實習生] AI 應用工程師  (遠端/線上實習),採購易 - 客製化禮品公司,行就學中學生校外實務實習訓練而設置，實習結束公司將提供實習證明，以供學校抵扣學分使用。 ※實習時數期間依專案給予獎學金 (非時薪)。 ※實習期滿後，會提供實習證明書。 ※實習期間：依學校及學生,"['Google AdWords', 'photoshop', 'illustrator', '']"
【Taiwan Mobile 實習計畫】Intern-電信金融社群剪輯設計,台灣大哥大,「台灣大實習計畫」熱烈招募中，實習生不限國籍、實習時間不限寒暑假、實習期間將由專屬導師(Mentor)帶領您，讓您和業界接軌，成為引導Web 3新時代的科技菁英，跟著我們一起Open Possible 展開您的人生新篇,[]
見合創意開發有限公司總部—長期/暑期設計實習生招募,見合創意開發有限公司,群媒體經營 設計類別｜ ① 活動平面文宣、海報和DM ② 圖稿與文案排版 ③ 簡報製作 ④ 社群媒體經營 【實習職缺適合誰?】 ◆ 想在專案中實踐自己的想法成為專案小推手。 ◆ 想跨足領域學到許多不同專,[]
Business Operation Internship 客戶經營行政實習生,inline 樂排股份有限公司,"About inline inline is a software startup focused on maximizing restaurant efficiency managing tables and reservations. We have thousands of restaurants including leading chain brands, Michelin-starred restaurants, shopping malls, and busy brick-and-mortar restaurants. We also partner with food-tech platforms, social apps, and various media services to grow the exposure and business for inline restaurant customers. Our team is launching and exploring more global opportunities in key cities, incl","['Google Drive', 'excel']"
前端工程師實習生（月薪制）Front-end Developer Intern,TVBS聯利媒體股份有限公司,術，適應開發過程的變化並提供最好的產品。 職位描述 我們正在尋找一位極具動力和才華的前端實習生，具有良好的HTML5、CSS3和ReactJS知識，加入我們充滿活力和創新的團隊。作為一名前端實習生，您將有,"['HTML5', 'CSS3', 'JavaScript', '']"
RecruitFirst Intern 實習生 (提供轉正職機會) - 台北&高雄,新加坡商立福人事顧問有限公司台灣分公司,Hiring 外商實習生招募中! (可轉正) 如果你對人資或業務工作有興趣、擅於溝通、想拓展市場視野與人脈，且擁有一顆勇於挑戰的心，歡迎加入我們！！目前台北及高雄辦公室均在招募中～ 【好處多多 Why us?】 1.,['CakeResume 2023 Career Fair']
Intern實習生(Python automation)_管理會計部,法商法國巴黎人壽保險股份有限公司台灣分公司,1. 透過Python建立各類報表之自動化，以及整合、建立相關資料庫 2. 研究和分析當地 IFRS4、法國 GAAP、當地 IFRS17 和 conso IFRS17 數據以進行差距分析。 3. IFRS17會計分類賬實施支援：支援在會計系統內推出IFRS17會計分,[]
招募顧問實習生,InAddition Consultants Ltd.,職位介紹 此職位可以每周來公司二~三天，彈性依照課表與其他行程可以和主管彈性討論，主要協助公司內的招募顧問搜尋合適的人才 職務介紹 我們期待你可以貢獻的最基本任務 協助進行人,[]
影音創意與視覺設計實習生,Lambda 浪打,我們在找 影音創意與視覺設計實習生 面對新時代，你是否也相信美感sense與創意能量的提升，不只是藝術設計圈的資訊攝取或是滑滑社群，更是廣泛接觸各種領域而有的視野開創？比起軟體能力,[]
【2025 暑期實習】專案管理部門實習生,臺灣各種吧股份有限公司,臺灣吧的一支支動畫或實拍影片，除了需要製作團隊從編劇、視覺設計，一路到配樂進行製作以外，還需要 PM 整個製程的進度，在客戶和團隊之間進行協調，如果你認為自己擅於溝通協調、具有抗壓,[]
"【實習生_Product Engineering】Intern, Product Engineering - Bachelors","Marvell Technology, Inc.",* Analyze testing data to improve yield. * Track major schedule mile-stones. * Design and implement process-oriented and data-driven production methods to guarantee product quality. * Work with Operations and Planning to support on-time delivery according to the production backlog. * Support to provide necessary product engineering support to all customer returns working laterally with Quality engineering in a timely manner.,[]
AI 實習生,GliaCloud 集雅科技,和資料科學家/產品經理一起協作，了解公司需求以及提出解決方案 協助前瞻深度學習、機器學習算法的開發及優化 數據採集、標註前、後處理及算法開發與測試 蒐集及實作技術論文,"['AI & Machine Learning', '台北']"
行政人資實習生 ( 新創公司/部分遠端 ),安可日子股份有限公司,執行）。 • 內部作業流程優化（飛書Feishu、AI Agent等）。 • 人資相關資料調研、報告彙整、簡報製作。 C. 主管交辦事項 【實習工作時程】 1. 上班時間 : 週一至週五(10:00-18:00，中午午休1小時)。 2. 每週排班至少20小時，至,"['LinkedIn', 'Feishu', 'Canva', '']"
長期Intern計畫_網頁開發實習生,DISCO TAIWAN 迪思科高科技,"畫，擔任網頁開發實習生。 期待透過本次實習計畫可以培養和我們企業理念相同且對網頁開發、維護有熱誠的人才， 一起持續成長、進化，Always the best, Always fun. 我們將優先提供優秀實習生轉正、預聘的機會。",['']
【兼職】行銷工讀/實習生－加密貨幣/區塊鏈/財經相關（學生、應屆畢業可）,幣修學分有限公司,此職缺主線任務為協助行銷上的交辦事物（數位、內容、社群... 等），具備經濟/金融市場/區塊鏈/加密貨幣/web3/理財領域的相關基礎知識的人，會更容易上手；有很大機會會接觸到核心業,"['Notion', 'Microsoft Office', 'Google Drive']"
【2025年遇見未來･富邦實習】學生職場實習_電話諮詢人員,富邦人壽保險股份有限公司,習活動課程。 想在畢業前累積實務經驗，學習職場溝通、提升職場競爭力嗎？ 歡迎加入【遇見未來･富邦實習】。 ★實習期間：2025/02~2025/06 ★實習內容： 1. 執行客戶諮詢(包括但不限於電話、文字客服、留言,[]
實習生 | Finance Intern,Omnichat,【About Finance Team】 Finance team在 Omnichat 負責集團各地區所有的會計事務以及協助C-Level財務策略擬定，扮演相當重要的策略夥伴角色。你將與Head of Finance及會計團隊夥伴密切合作，扮演確保財務報表數據準確的角色，確,['']
[實習生] 網路行銷 / 文案 / SEO / AI (遠端/線上實習),採購易 - 客製化禮品公司,行就學中學生校外實務實習訓練而設置，實習結束公司將提供實習證明，以供學校抵扣學分使用。 ※實習時數期間依專案給予獎學金 (非時薪)。 ※實習期滿後，會提供實習證明書。 ※實習期間：依學校及學生,"['Google AdWords', 'photoshop', 'illustrator', '']"
Health Promotion & Community Engagement intern 健康促進與社區參與管理實習生,財團法人無國界醫生基金會 Médecins Sans Frontières (Taiwan),"Médecins Sans Frontières (MSF) is an international, independent, medical humanitarian organization that delivers emergency aid to people affected by armed conflict, epidemics, natural disasters and exclusion from healthcare. We offer assistance to people based on need and irrespective of race, religion, gender or political affiliation. MSF Taiwan’s vision is to be a vital enabler of MSF’s social mission and to root our humanitarian story in Asia, being a model of efficiency and accountability fo","['Filipino', 'Indonesian(native)']"
運動行銷實習生,Victor.ly 西北國際運動行銷有限公司 & 維克特網球學院,法且發揮創意，因為我們與其他公司不同，是不被傳統框架所套牢的地方！」這是來自 Team Victor.ly 首位實習生 Jerry 的一段話期待未來加入我們的每一位夥伴也能夠有類似的感受Team Victor.ly 需要你一起,"['Facebook', 'IG', '小紅書', '']"
【Taiwan Mobile 實習計畫】Intern-財務,台灣大哥大,「台灣大實習計畫」熱烈招募中，實習生不限國籍、實習時間不限寒暑假、實習期間將由專屬導師(Mentor)帶領您，讓您和業界接軌，成為引導Web 3新時代的科技菁英，跟著我們一起Open Possible 展開您的人生新篇,[]
【Taiwan Mobile 實習計畫】Intern-資安管理,台灣大哥大,「台灣大實習計畫」熱烈招募中，實習生不限國籍、實習時間不限寒暑假、實習期間將由專屬導師(Mentor)帶領您，讓您和業界接軌，成為引導Web 3新時代的科技菁英，跟著我們一起Open Possible 展開您的人生新篇,[]
【實習生】助理工程師 (台南),SCREEN SPE Taiwan  台灣迪恩士半導體科技股份有限公司,*歡迎學生找實習* 請於投遞時備註可實習時程，謝謝！ ※ 預計任用時程(需配合一~五全天實習) 半年期-今年 : 2025/9-2026/1 半年期-明年 : 2026/2-2026/6 一年期 : 2025/9-2026/6 [技術部門-設備實習生-助工] 1,"['南科', '半導體', '實習生', '']"
【Taiwan Mobile 實習計畫】Intern-無線網路優化 – 中/南區,台灣大哥大,1. 學習行動通訊網路數據服務、網路運作及網路架構概念 2. 學習及協助主、被動式測試系統報表製作，品質觀察 3. 學習及協助行動網網路日常報表整理與效能監控(RNQ追蹤) 4. 行動客訴,[]
【 時薪 200 元起 】財務實習生 - 無經驗可,AmazingTalker,"About Us AmazingTalker 致力建立一個全方位的 線上教學平台 ，讓任何人都可以找到最適合自己的 家教 ，以不斷提昇線上教師收入為使命。始於 2017 年，目前平台上約有 10,000 名教師、超過 220 萬名學生，以及進行 550 萬堂",[]
Quality Assurance Internship 品質測試實習生,inline 樂排股份有限公司,"Inline is looking for a Quality Assurance Intern with a career interest in Software as a Service (SaaS) Engineer role . inline makes restaurants smarter. Our software system was designed from the ground-up specifically for restaurants - it helps manage their tables, reservations, and in-person queues so they can focus purely on delivering the best experience possible for their patrons. The inline SaaS solution is used by thousands of restaurants around the world - from leading global chains","['Taipei', 'Taiwan', 'iOS', '']"
產品行銷實習生,Seasalt.ai,產品行銷實習生 地點：亞太地區、西雅圖、遠端工作 性質：實習 職位概述 我們正在尋找一位充滿活力且具備雙語能力的**產品行銷專員（實習）**加入團隊，負責推動 SeaMeet 的行銷工作。此職位將扮演關鍵角色,[]
UI/UX實習生,RevtelTech 忻旅科技股份有限公司,此職務主要協助以下任務 1. 基於目前之產品及專案服務提供GUI設計，並考慮Desktop跟Mobile的架構 2. 提供產品Banner與靜態素材的設計 3. 其他交辦之行政事務 此外此工作希望執行期為至少三個,"['Sketch', 'Figma', 'XD', '']"
【2025年遇見未來･富邦實習】學生職場實習_理賠審核人員,富邦人壽保險股份有限公司,習活動課程。 想在畢業前累積實務經驗，學習職場溝通、提升職場競爭力嗎？ 歡迎加入【遇見未來･富邦實習】。 ★實習期間：2025/02~2025/06 ★實習內容： 1.保險商品條款介紹。 2.作業系統介紹及實作。 3,[]
"【實習生_Test Engineering】Intern, Test Engineering - Bachelors","Marvell Technology, Inc.",• Test program programming/ debugging/ correlation • HVM Release to OSAT. Work with NPI Product & Test Engineering to ensure NPI meets production release requirements and successfully bring up at OSAT. • Set SYL/SBL on new products using product yield history to ensure product quality. • Disposition of production lots and work with NPI Product Engineering to drive yield improvement and test time reduction. • Work with NPI Product & Test Engineering to stabilize and improve product screening,[]
【實習生】助理工程師 (台中),SCREEN SPE Taiwan  台灣迪恩士半導體科技股份有限公司,*歡迎學生找實習* 請於投遞時備註可實習時程，謝謝！ ※ 預計任用時程(需配合一~五全天實習) 半年期-今年 : 2025/9-2026/1 半年期-明年 : 2026/2-2026/6 一年期 : 2025/9-2026/6 [技術部門-設備實習生-助工] 1,"['實習', '助理工程師', '實習生', '']"
2025多媒體實習生(歡迎對PR、AE有基礎操作的學生）,窗想影像設計有限公司,實習生者需自備電腦。 ＊申請方式： 將個人履歷寄至聯繫信箱 [email protected]，請於信件主旨標明：申請2024實習生，並附上作品集及履歷資訊，另在信件中可寫出想在實習期間學到哪些內容，合適人選我們,"['Illustrator', 'Photoshop', 'Adobe After Effects', '']"
前端實習工程師,GliaCloud 集雅科技,協助前端工程師，可以學習到設計並且打造兼俱效能、彈性的智能影片製作平台、參與團隊協作與討論以及具體軟體開發流程，適合想要接觸使用 Vue 開發 SaaS 平台的人，以下是你會接觸到的工作內,[]
Japanese Marketing Intern 日文行銷實習生,TURING SPACE 美商圖靈,◗ About the Role 美商圖靈的業務在台灣、日本及歐洲積極擴張中，我們正在尋找一位具有創意、能獨立思考及舉一反三的日本品牌行銷實習生，傳遞圖靈的產品價值及提升潛在客戶對我們的認識。您將,"['日文', 'Search Console', 'Illustrator / Photoshop', '']"
【2025 暑期實習】角色授權部門實習生,臺灣各種吧股份有限公司,說到臺灣吧就不能不提到「啤下組織」，角色授權團隊負責所有與角色們相關的專案，包含圖像授權、平面與產品設計以及人偶活動等。如果你好奇 IP 的商業與專案運作，就快來加入角色授權部門吧,[]
【Taiwan Mobile 實習計畫】Intern-總經理室專案企劃,台灣大哥大,專案參與：前瞻產業趨勢與商機研究 ■ 研究與集團相關趨勢產業、參與企業創新加速器專案、市場資訊蒐集,[]
【Taiwan Mobile 實習計畫】Intern-媒體公關,台灣大哥大,1. 協助公關部例行報告、資料收集 2. 協助支援公關活動 3. 協助新聞輿情監測,[]
【Taiwan Mobile 實習計畫】Intern-AI訓練語料校正,台灣大哥大,台灣大「科技大神培育實習計畫」熱烈招募中，實習生不限國籍、實習時間不限寒暑假、工作地點不限線上或線下(實體)，實習期間將由專屬導師(Mentor)帶領您透過實作，學習產業實用的技術框架，讓您和業,[]
【Taiwan Mobile 實習計畫】Intern-通訊品質確保部實習生,台灣大哥大,「台灣大實習計畫」熱烈招募中，實習生不限國籍、實習時間不限寒暑假、實習期間將由專屬導師(Mentor)帶領您，讓您和業界接軌，成為引導Web 3新時代的科技菁英，跟著我們一起Open Possible 展開您的人生新篇,[]
美編 / 平面設計實習生,Memopresso Taiwan,MEMOPRESSO 致力於提供新一代的回憶保存與分享體驗，於亞洲已經超過 100 個線下零售通路站點，每月能接觸百萬以上人群，近期更入選為 LINE Taiwan 的新星計畫 在這個職位妳/你會參與建構與拓展 MEMOPRESSO 的內容,"['photoshop', 'Illustrator', 'Design']"
[遠端]  文案/行銷企劃 - 實習生,禮品紅 Red Gift,少3天，每週實習不少於20小時 2 可配合整年工讀者優先錄取 / 表現好畢業後可優先轉正職 3 實習為學分實習，故無提供薪資。實習期滿，給予實習證明，並依能力提供獎學金 [實習獎學金] 實習期,"['SEO Writing', 'copywriter', 'editing', '']"
【Taiwan Mobile 實習計畫】Intern-串流數據,台灣大哥大,1. 用戶貼標與分析 2. 行銷名單產出 3. OTT輿情聲量分析,[]
實習生 - 社群與內容製作 (非短期寒暑假實習),玩美行動股份有限公司,本職缺將以【社群內容發想與製作】為核心，參與多款 APP 的社群媒體內容製作與創意發想 --- 打造最吸睛的社群素材， 追蹤海外各市場的社群內容的趨勢， 參與社群媒體的經營與優化， 期待你可以透過,"['Word', 'PowerPoint', '行銷', '']"
資訊助理  ( 網頁設計/ 前端 /專案管理 )  在校 工讀 / 實習，每周至少2-3天需到公司上班( 不接受遠端),雲集科技行銷有限公司,如果您想有全方位的系統流程設計、系統分析、專案管理 學習機會，想要挑戰系統建置的領域，未來想要能獨當一面，而不是只在大公司裡當個螺絲釘人才，我們會是你的選擇。 公司專案項目：客製化,"['新竹市東區', '新竹市', '新竹']"
《樺漢科技2025實習計劃》硬體研發工程師,樺漢科技股份有限公司_鴻海集團,事項 【我們在尋找的你】 1.實習對象：2025/06應屆畢業的大學生、碩士生 2.實習期間：即日起~2025/05/31 3.實習天數：每周至少三個整天(8hr/天) 4.本職缺為實習職缺，非實習生請勿投遞履歷,[]
坐坐吧/咖啡廳/紅樓門市—長期/暑期實習生招募,見合創意開發有限公司,坐吧 ZuoZuoBar https://www.instagram.com/zuozuobar/ 職務內容 ① 飲品調配 ② 烘培開發 ③ 社群經營 ④ 品牌行銷企劃 【實習職缺適合誰?】 ◆ 對品牌經營有興趣，想打造個人品牌者。 ◆ 對餐飲有濃厚熱忱，有志成為全方位,[]
影音創意與視覺設計實習生,Lambda 浪打,我們在找 影音創意與視覺設計實習生 面對新時代，你是否也相信美感sense與創意能量的提升，不只是藝術設計圈的資訊攝取或是滑滑社群，更是廣泛接觸各種領域而有的視野開創？比起軟體能力,"['影音企劃', '影音編導', '廣告企劃案╱文案撰寫', '']"
【2025 暑期實習】教育部門實習生,臺灣各種吧股份有限公司,大抓周學院是臺灣吧的線上課程品牌，我們透過提供好的線上課程內容，期待培養孩子面對未來的能力。每檔課程會經歷課程規劃與設計、與老師合作洽談、課程視覺定調、行銷規劃、課程拍攝等等,[]
人力資源實習生（HR Intern）,自由系統股份有限公司,. 協助員工福利活動設計及執行 3. 校園招募計畫之規劃、內部資源協調及執行 【實習時間】 1. 實習期：6個月及以上，每週須配合連續工作3個整天以上 2. 實習時間：配合課表，實習時間可面,"['Microsoft Office', 'PowerPoint', 'Excel', '']"
"【實習生_類比IC設計】Intern, Analog IC Design - Masters","Marvell Technology, Inc.","Analog design engineer responsible for the design, verification, and evaluation of SerDes circuits in high-speed data communication ICs. The responsibilities include but not limited to: * High-speed and high-performance Analog SerDes development in advanced technology nodes, 5nm, 3nm and beyond. * Participate in SerDes design verification across different application and PVT. * Provide the instructions to the layout engineers.",[]
CorporateConnections® 活動策劃 - 實習生,CorporateConnections® Taiwan 大商匯集有限公司,【實習機會｜CorporateConnections® Taiwan 招募中】 想在國際級商務人脈平台累積實戰經驗嗎？ CorporateConnections® Taiwan 正在招募實習生， 加入我們，與32國企業領袖零距離接觸，累積專業能力與國際視野！ 🔹 實習內容 協助活動規劃與現場,"['大商匯集有限公司', '大商匯集', '大商', '']"
實習生-歐美商務助理(Global Business Development Intern)(非短期寒暑假實習),玩美行動股份有限公司,每週至少可排班20小時以上 (24小時以上尤佳) 2. 中文&英文 - 聽說讀寫精通，語言能力要求須符合: 多益860以上 / 托福110以上 / 雅思7以上 3. 此為半年以上長期實習職缺 ※不適用者不另行通知,"['PowerPoint', 'Excel']"
"行銷實習生 Marketing Intern, Monitor BU",ViewSonic International Corporation,"Support the execution of influencer and vendor cooperation contracts, including sponsored product logistics and financial processes. Provide general support for day-to-day team activities and cross-functional collaboration. Assist in planning and executing global marketing strategies — from online campaigns to offline brand events and creative community activations. Support seminars and exhibitions, including logistics, on-site execution, and follow-up coordination. Assisit in creating content f",[]
【Taiwan Mobile 實習計畫】Intern-採購,台灣大哥大,「台灣大實習計畫」熱烈招募中，實習生不限國籍、實習時間不限寒暑假、實習期間將由專屬導師(Mentor)帶領您，讓您和業界接軌，成為引導Web 3新時代的科技菁英，跟著我們一起Open Possible 展開您的人生新篇,[]
"【實習生_Quality Systems】Intern, Quality Systems - Bachelors","Marvell Technology, Inc.","* Regulatory Compliance: Support the process of ensuring all Marvell products comply with local and international environmental regulations (e.g., RoHS, REACH, TSCA, Prop 65). * Data Management: Maintain and update product environmental compliance documents, including material composition declarations, environmental certifications and ICP reports. * Continuous Improvement: Assist in identifying areas for improvement in product environmental performance and recommend action plans.",[]
商業類Podcast | 實習生(製作/行銷助理) - 小老闆充電站,有幸工作室,工作型態：全遠端，每週至少須有10小時實習時間 (這是一個開放給學生/想創業的人的學習機會，要找正職不要投) 這是一個知識型Podcast，聚焦在創業、行銷、國際視野 這個職位只適合有在積極追求成,"['剪輯', 'podcast', '實習']"
財務工讀生/實習生 Finance PT/Intern [FA],KKday,【關於KKday】 KKday正在加速全世界旅遊體驗的蛻變。 身為亞洲最大的旅遊體驗平台，KKday致力於透過數位化整合出一站式平台以滿足旅遊的所有需求，目前在全球超過92個國家、550個城市已累積30萬個,[]
【產品行銷實習生 Product Marketing Intern】加入快速成長 SaaS 新創，用創意推動產業進化,BookFast,你是否正在尋找一份能夠實戰累積作品、對科技創新充滿好奇、學習數位行銷的實習機會？想把自己規劃的行銷作品真實地觸及用戶、帶來商業影響？我們正在找的，可能就是你！ ｜關於 BookFast BookFast 是台灣最,[]
【Taiwan Mobile 實習計畫】Intern-訂閱制服務數據行銷,台灣大哥大,「台灣大實習計畫」熱烈招募中，實習生不限國籍、實習時間不限寒暑假、實習期間將由專屬導師(Mentor)帶領您，讓您和業界接軌，成為引導Web 3新時代的科技菁英，跟著我們一起Open Possible 展開您的人生新篇,[]
【Taiwan Mobile 實習計畫】Intern-雲端資料中心維運,台灣大哥大,1. 學習網際網路資料中心基礎設施架構及維運作業程序概念 2. 學習及協助網路資料中心基礎設施監控原理及通報程序 3. 學習TCP/IP概念與網路攻擊及防護原理 4. 學習spam mail處理,[]
實習生-韓國市場行銷助理(마케팅 인턴) (非短期寒暑假實習),玩美行動股份有限公司,【韓國市場行銷實習生】 招募中！熱烈歡迎韓國籍在台學生加入！ 대만에 거주하는 한국 학생들의 참여를 환영합니다. 如果你熱愛拍照修圖、是社群媒體重度使用者、了解韓國年輕人最新流行趨勢,"['行銷企劃', '市場情蒐與資料分析', '內容發想', '']"
系統維運實習生（資訊架構部）,國泰綜合證券股份有限公司,行系統監控、管理等發佈作業。 3. 協助正職人員執行資訊治理相關文書作業。 4. 主管交辦事項。 ※ 實習後將可視實習表現優先轉正。 ※ 如需簽訂與學校相關之學生實習合約，請提前告知，並提供相關,[]
會計部行政實習生,EF Education First 英莩留學服務股份有限公司,路1號5樓（遠雄金融中心） 上班時段: 日班、假日班、需輪班、10:00~19:00， 中間休息1小時 休假制度: 依公司規定 可上班日:不限 歡迎身分應屆畢業生 、 日間就讀中 、 夜間就讀中 、 二度就業 、 學生實習工作條件,[]
Overseas' Business Development Intern: Philippines (海外商務開發實習生: 菲律賓),GliaCloud 集雅科技,"Initiate business development in overseas market to promote GliaCloud’s product and propose potential partnships to overseas clients. Understand GliaCloud’s products and maintain client relationship by providing proactive guidance, consultations and insights. Assist in maintaining and updating sales and marketing events materials. Compile reports with proper market/industry research information and strategic analysis. Other responsibilities as determined by supervisor","['Sales Management', 'Sales & Customer Service', 'Business', '']"
實習- Employer Branding& Talent Acquisition (6 months: Jun.-Dec.),法商_施耐德電機股份有限公司,"Do you dream of working in a company that is driven by a meaningful purpose? An inclusive company that empowers you to do your best and be innovative? At Schneider Electric, we believe access to energy and digital is a basic human right. We empower all to do more with less, ensuring Life Is On everywhere, for everyone, at every moment. We provide energy and automation digital solutions for efficiency and sustainability. We are looking for Intern","['Employer Branding', 'University Relations', 'Recruitment', '']"
專案執行與社群經營實習生 AE & Social Media Management Intern,Shangs Communication 盛思整合傳播顧問有限公司,決能力的開端） 福利與環境 不定期限量美食與零食補給🤤 近信義區百貨商圈，下班生活精彩可期 實習生心得分享： 實習約4個月下來，學習到更加細心地做事情。一開始對於科技業領域感到非常,"['Canva', 'Google Drive', 'Photoshop', '']"
📷 電商行銷實習生/工讀生 Intern 招募中 📷,Tripplus Travel Service Inc.,驗』加分 【薪資待遇】$190~$210 /hr，過試用期2個禮拜即可調整 【連絡方式】[email protected] 信件主旨：請寫『應徵實習生』 【工作地點】捷運小巨蛋站 【工作時間】 每周最少需出勤3天，週一到五9:00-17:30午休一小時 👉,['Communication']
獵才顧問實習生 / Recruitment Consultant (歡迎新鮮人),Accurate愛客獵-1111高階獵才中心,Accurate愛客獵 是1111人力銀行集團旗下唯一獵才品牌。 自2008年成立高階獵才中心，於2021年獨立服務品牌公司。 服務企業遍及台灣、亞太、歐美地區，招募範疇涵蓋經營管理、財務金融、業務行銷、工程技術、資訊,"['業務開發', '招募', 'Recruitment', '']"
【Taiwan Mobile 實習計畫】Intern-IT雇主品牌社群內容經營,台灣大哥大,台灣大「科技大神培育實習計畫」熱烈招募中，實習生不限國籍、實習時間不限寒暑假、工作地點不限線上或線下(實體)，實習期間將由專屬導師(Mentor)帶領您透過實作，學習產業實用的技術框架，讓您和業,[]
【實習生】助理工程師 (新竹),SCREEN SPE Taiwan  台灣迪恩士半導體科技股份有限公司,*歡迎學生找實習* 請於投遞時備註可實習時程，謝謝！ ※ 預計任用時程(需配合一~五全天實習) 半年期-今年 : 2025/9-2026/1 半年期-明年 : 2026/2-2026/6 一年期 : 2025/9-2026/6 [技術部門-設備實習生-助工] 1,"['實習', '助理工程師', '實習生', '']"
實習生-素材設計配置助理 (非短期寒暑假實習),玩美行動股份有限公司,設計美感 頻繁使用 Instagram、TikTok 等社群平台 對美感有一定想法、充滿熱情並樂於學習 *此為半年以上長期實習職缺 *須可配合進辦公室工作，且每週至少可排班20小時以上 (24小時以上尤佳) ※不適用者不另,"['PowerPoint', 'Excel']"
【Taiwan Mobile 實習計畫】Intern-影音內容投資,台灣大哥大,1. 影音平台內容趨勢與市場相關資料蒐集與彙整 2. 內容投資專案協助,[]
【Taiwan Mobile 實習計畫】Intern-行動網數據網路管理,台灣大哥大,1. 學習網路運作與架構： 學習行動通訊網路的數據服務、網路架構概念及訊令流程，理解現代通訊技術的基礎 2. 測試與品質監控： 協助製作系統報表、品質觀察以及相關測試，有助於理解行動,[]
【Taiwan Mobile 實習計畫】Intern-網路工程管理,台灣大哥大,1. 學習基站綠能工法及電費相關費用申請作業。 2. 學習基站基本架構及資產資料系統登載作業。 3. 協助各單位文件資料收、發窗口及登載作業。 4. 學習設備物料種類及領、繳庫、異動系統,[]
實習生-泰國市場行銷助理(ผู้ช่วยด้านการตลาดประเทศไทย) (非短期寒暑假實習),玩美行動股份有限公司,【泰國市場行銷實習生】 招募中！熱烈歡迎泰國籍在台學生加入！ 如果你熱愛拍照修圖、是社群媒體重度使用者、了解泰國年輕人最新流行趨勢，歡迎投遞履歷！ 加入我們，你將負責或參與這些工作內,"['Word', 'PowerPoint', '行銷', '']"
人工智慧工程師-學生實習 AI Engineer(Intern),聚典資訊 Ret[AI]ling Data,資料庫，並具備相關經驗 ● 具備相關技能樹，大數據、後端與硬體知識 ● 熱愛軟體開發，積極有耐心! 【實習時程】 ● 預計上任時間:2025/03 ● 以長期穩定實習為主，時程至少6個月含以上，一週至少能配,"['AI & Machine Learning', '產發署人才精進計畫2.0']"
"【實習生_Optics Test Engineering】Intern, Optics Test Engineering - Masters","Marvell Technology, Inc.",* Device characterization * Test program and hardware development.,[]
※ 實習生強力募集 ※ 精誠集團2025實習生招募(C#/.NET/Java/資料庫)，現在投遞，馬上面試！,SYSTEX 精誠資訊,與實作經驗之人才。歡迎您加入我們的行列！ 有興趣的同學可以透過以下資訊做進一步的了解~ 【2025實習生】 歡迎大三以上同學參與精誠集團實習計畫 精誠集團「菁英養成實習計畫(SEI)」安排具有豐富,[]
實習生 - 網頁美編設計/ AI 設計應用,採購易 - 客製化禮品公司,行就學中學生校外實務實習訓練而設置，實習結束公司將提供實習證明，以供學校抵扣學分使用。 ※實習時數期間依專案給予獎學金 (非時薪)。 ※實習期滿後，會提供實習證明書。 ※實習期間：依學校及學生,"['photoshop', 'illustrator', 'google drive']"
【Taiwan Mobile 實習計畫】Intern-影音產品規劃,台灣大哥大,1. 影音平台市場觀察與資料蒐集彙整 2. 參與影音服務易用性測試(usability test)與原型開發協助,[]
【Taiwan Mobile 實習計畫】Intern-無線網路品質管理,台灣大哥大,1. 學習4G/5G場測log資料產出與報告製作 2. 學習5G話務KPI趨勢及異常細胞彙整及分析 3. 協助場測同仁處理行政庶務,[]
【Taiwan Mobile 實習計畫】Intern-MyVideo影音行銷,台灣大哥大,「台灣大實習計畫」熱烈招募中，實習生不限國籍、實習時間不限寒暑假、實習期間將由專屬導師(Mentor)帶領您，讓您和業界接軌，成為引導 Web 3 新時代的科技菁英，跟著我們 Open Possible 展開您的人生新篇章。 MyVideo,[]
《樺漢科技2025實習計劃》MIS工程師,樺漢科技股份有限公司_鴻海集團,解決或轉交給相關團隊進行處理。 我們正在尋找的你 -實習對象：2025/06應屆畢業的大學生、碩士生 -實習期間：即日起~2025/05/31 -實習天數：每周至少三個整天(8hr/天) -本職缺為實習職缺，非實習生請,[]
Business Development Intern: Thailand(海外商務開發實習生: 泰國),GliaCloud 集雅科技,"工作內容: 1. Initiate business development in overseas markets to promote GliaCloud's product and propose potential partnerships to overseas clients. 2. Understand GliaCloud's products and maintain client relationships by providing proactive guidance, consultations, and insights. 3. Assist in maintaining and updating sales and marketing event materials. 4. Compile reports with market/industry research information and strategic analysis. 5. Other responsibilities as determined by the supervisor *Plea","['Account Executive', 'Business Development']"
AI Video Korean Business Development Intern/ AI 影音軟體韓國商務開發實習生,GliaCloud 集雅科技,"1. Initiate business development in overseas market to promote GliaCloud's product and propose potential partnships to overseas clients. 2. Understand GliaCloud's products and maintain client relationship by providing proactive guidance, consultations and insights. 3. Assist in maintaining and updating sales and marketing events materials. 4. Compile reports with proper market/industry research information and strategic analysis. 5. Other responsibilities as determined by supervisor",[]
[實習] AI 影音軟體技術支援工程師,GliaCloud 集雅科技,**職位描述：** 作為技術支援工程師，你將負責提供技術支援和客戶服務，以確保客戶在使用我們的智能影片產製平台時獲得最佳體驗。你將是連接客戶與我們技術團隊之間的重要橋樑，處理技術,[]
"【實習生_Hardware & Silicon Validation】Intern, Hardware and Silicon Validation - Masters","Marvell Technology, Inc.","• Responsible for board/chip level silicon validation/characterization on Marvell’s internal IPs such as High-Speed SerDes, PLL, ADC, power regulator, temperature sensor, etc. • Responsible for script development (knowledge of Python, C++, Matlab, Excel VBA is a plus) of automated testing.",[]
Intern實習生(New Business)_新契約部,法商法國巴黎人壽保險股份有限公司台灣分公司,1. 投保資料建檔品質檢視，確保新契約文件正確性 2. 電話諮詢，提供即時新契約問題服務 3. 新契約行政事務處理 4. 文件Key in、協助查核 5. 其他主管交辦任務 實習期間為2025年7月~12,[]
會計實習生,Dcard 狄卡科技股份有限公司,我們也正全力擴張發展新型業務及跨國市場。 為了讓團隊能全力發展目標及戰略，我們期待會計實習生的加入，協助財務團隊提升帳務處理的效率，使每位夥伴可以全心往目標邁進。 為什麼你該,[]
【寵物科技實習】Warehouse Operations Intern 倉儲營運實習生,Tomofun 寵物AIoT科技新創,【Application Channel】 Please apply via: https://grnh.se/3d0a4d863us 【About the role】 We are looking for a proactive and detail-oriented Warehouse Intern to join our Operations team. This internship offers a unique opportunity to gain hands-on experience in global inventory operations and process optimization within a fast-growing international pet tech company. You’ll work closely with our supply chain team to understand how warehouse operations and system processes support global,[]
廣告營運實習生,Dcard 狄卡科技股份有限公司,對快速變化的社群生態，我們期待更多優秀的人才加入 Dcard。為了達成這個目標，我們需要 廣告營運實習生 加入我們，你會協助口碑類型產品（開箱大使、體驗箱等）的專案執行，幫助品牌客戶更好地與,[]
實習生-影音 App 產品設計&運營助理(非短期寒暑假實習）,玩美行動股份有限公司,"【Wink 產品設計&運營實習生】 招募中！ 本職缺將以【海外市場推廣】為核心，可參與目前於海外市場成長迅速的 AI 影音 App Wink，主要專注在北美, 東亞與東南亞市場。若你是一位對 APP 有熱忱，也是一個細心、喜","['Excel', 'PowerPoint']"
114年全年學生實習方案(服勤),台灣高鐵_台灣高速鐵路股份有限公司,分發至運轉單位實習 (南港、台中、左營)。 ※ 本實習方案限在學大專生，碩士研究生、應屆畢業生請勿投遞。 ※ 實習期間屬輪班性質，需配合班表出勤，實習期間無法回學校修課，報名前請確認修課狀況。 實習方,[]
阿拉伯語文實習生,GliaCloud 集雅科技,我們是一家專注於生成式AI的科技公司，擁有年輕、扁平化、國際化的團隊，以打造出世界級的AI產品為目標，如果你對AI影音生成充滿好奇心、渴望快速成長，這裡正是你最好的舞台！ 工作內容： 協助,['阿拉伯語']
【伊雲谷數位科技】雲端工程實習生 Cloud Engineer Intern,伊雲谷數位科技股份有限公司,\ 伊雲谷2025實習生計畫開跑！ 雲端工程實習生熱烈招募中 🔥 / 📣 對雲端有興趣的同學看過來！📣 你是不是對雲端世界充滿好奇？想學習怎麼建構雲基礎設施，或是用新技術來解決雲端問題，還想,"['AWS', 'Azure', '雲端技術及網路服務', '']"
【教育基金會】長期工讀生/實習生(每週24小時以上),財團法人林堉璘宏泰教育基金會,軟體 ） 【工作時間】 1. 基金會正常上班時間為週一至週五 9:00~18:00 (含午休12:30-13:30) 2.工讀生/實習生實際工作時間可討論彈性調整。 但每周至少實習/工讀3個工作天或24小時，可配合配合,"['powerpoint', 'excel', 'google drive', '']"
實習生-印尼市場行銷助理(非短期寒暑假實習),玩美行動股份有限公司,【印尼市場行銷實習生】 招募中！熱烈歡迎印尼籍在台學生加入！ 如果你熱愛拍照修圖、是社群媒體重度使用者、了解印尼年輕人最新流行趨勢，歡迎投遞履歷！ 加入我們，你將負責或參與這些工作內,"['PowerPoint', 'Excel']"
實習生-AI修圖APP運營助理 (非短期寒暑假實習）,玩美行動股份有限公司,"【美圖秀秀產品實習生】 招募中！ 本職缺將以【海外市場運營】為核心，可參與目前於海外市場成長迅速的 AI 修圖 App — Starii 推廣，Starii 是美圖集團旗下新推出的 AI 修圖軟體，以歐美, 東南亞, 印度用戶為主要組","['PowerPoint', 'Excel']"
實習生-日本市場行銷助理(マーケティングインターンシップ) (非短期寒暑假實習),玩美行動股份有限公司,【日本市場行銷實習生】 招募中！熱烈歡迎日本籍在台學生加入！ 如果你熱愛拍照修圖、是社群媒體重度使用者、了解日本年輕人最新流行趨勢，歡迎投遞履歷！ 加入我們，你將負責或參與這些工作內,"['Excel', 'PowerPoint']"
114年全年學生實習方案(站務),台灣高鐵_台灣高速鐵路股份有限公司,實做演練，訓練後將分發至各站實習。 ※ 本實習方案限在學大專生，碩士研究生、應屆畢業生請勿投遞。 ※ 實習期間屬輪班性質，需配合班表出勤，實習期間無法回學校修課，報名前請確認修課狀況。 實習方,[]
「富富·小山岡」青年生力軍(實習生),富富·小山岡,每周至少排班1~3天，每次排班至少3小時。 薪資｜提供每日餐費及交通補貼，每日8小時。 福利｜ 完成實習可提供提供實習時數證明書及協助撰寫推薦信 公司聚餐 彈性上下班，自行決定9～10點之間,[]
電商實習生 (兼職、轉正機會) E-commerce Project Assistant / Intern（Part-time）,造浪者創意策略有限公司,可以於平台投遞履歷，同時也可以將履歷寄至：[email protected] 我們希望找到對於品牌運營管理有興趣，也希望能投入到相關產業的工作者，並且擁有細心與縝密的特質，主要的工作目標是,"['Communication', 'Canva', 'Google Drive', '']"
電商運營｜產品行銷實習生 • Product Marketing Intern,亞尼活力有限公司,桌站著工作） 重點是主管願意賦權又沒有距離感 可以高程度執行貢獻和見證工作成果，這麼棒的實習你不可錯過 【 工作內容】 1. 協助電商行銷（真正一條龍學會SEO 專案企劃能力） 2. 短影音拍攝,"['Canva', 'Photoshop', 'Word', '']"
系統維運實習生（資訊服務部）,國泰綜合證券股份有限公司,【實習時間】每週至少三天以上可進公司。 【申請資格】 1. 大學三年級以上(含碩士)在學學生。 2. 實習後將可視實習表現優先轉正。 【工作內容】 1. 協助正職人員文件建檔、整理、統計相關作業。 2. 協,[]
建築/室內設計 實習生,蔡承霖建築師事務所,我們正在尋找對空間設計有熱情、喜歡學習與實作的實習夥伴。 不論你是建築、室內設計相關科系，或對設計有興趣，都歡迎加入！ 加分項目（非必要）： CAD、SketchUp、AI、Photoshop 喜歡材料、施工工法研究,[]
端末維運(OP)實習生（資訊服務部）,國泰綜合證券股份有限公司,【實習時間】每週至少三天以上可進公司。 【申請資格】 1. 大學三年級以上(含碩士)在學學生。 2. 實習後將可視實習表現優先轉正。 【工作內容】 1. 協助正職人員整理硬體設備相關作業。 2. 協助正,[]
EnJoin運動教室實習生,傑優有限公司,【好好上班，好好生活 】是我們開辦Enjoin‘教室的理念，目的是希望大家下班後能夠有良好的空間及在專業的教練帶領放鬆下班後疲憊的身心、維持良好的健康狀態。 我們提供的課程種類也很豐富，有,['canva']
行銷實習生 Marketing Intern,COMMEET＿擁樂數據服務股份有限公司,金流服務，期待以科技落實費用管理，並攜手企業為員工打造更友善的工最環境。 [職務定義] COMMEET 行銷實習生，運用數位工具設計並優化行銷收單流程，實現名單自動化，有效提升轉換率。同時透過產業,[]
實習生-印度市場行銷助理 India Marketing Intern(非短期寒暑假實習),玩美行動股份有限公司,【印度市場行銷實習生】招募中！熱烈歡迎印度籍在台學生加入！ 如果你熱愛拍照修圖、是社群媒體重度使用者、了解印度年輕人最新流行趨勢，歡迎投遞履歷！ 加入我們，你將負責或參與這些工作內,"['Communication', 'Google Drive', 'Excel', '']"
實習生-俄羅斯市場行銷助理(Russia Global Marketing Intern)(非短期寒暑假實習),玩美行動股份有限公司,【俄羅斯市場行銷實習生】招募中！熱烈歡迎俄羅斯籍在台學生加入！ 如果你熱愛拍照修圖、是社群媒體重度使用者、了解俄羅斯年輕人最新流行趨勢，歡迎投遞履歷！ 加入我們，你將負責或參與這些,"['PowerPoint', 'Excel']"
創意媒體編輯實習生【學生實習】,奧樂奇國際有限公司、奧帝歐創意有限公司,經驗。 如果你希望在兩手空空的學生時代帶走屬於自己的實戰經驗履歷。 #歡迎你來挑戰我們的實習專案 我們不找打雜的實習生，這裡的專題企劃都來自於你，主管們協助指導。 能快速進入媒體,"['學生實習', '編輯實習', '媒體實習']"
Project Planner Intern 專案企劃實習生,喬立達數位媒體/紅點移動科技,【喬立達數位媒體/紅點移動科技】- 企劃實習生徵才中 💡💡💡 【工作職缺】 ✨Project Planner Intern 專案企劃實習生 【主要工作內容】 ✨企劃/專案實習 ✨使用者驗收測試，進行Web/App平台測試，整理及蒐集測試結果,['#喬立達數位媒體 #紅點移動科技 #實習徵才  #CDP #LTV #顧客數據分析 #企業專屬會員數據中心  #企業大數據 #會員整合 #會員洞察 #數位行銷']
UX/UI 產品設計實習生(本期已招滿),SWAP 自由工作者財務管理平台(優市股份有限公司),關於 UX UI 設計師實習生 你將在3-6個月的實習計畫內與 UX 設計師、PM、前端工程師、共同協作。參與產品迭代的流程，累積產品設計的實戰經驗。實習計畫結束後將進行內部考核，通過考核後可成為,[]
學習型※AI產品策劃實習生 （Unpaid Internship）,樂易創股份有限公司,特別的經驗 表現優異者，另設專案獎金，並有機會轉為 Paid Intern / 正職人員 可配合學校簽訂契約、開具實習證明，並視表現可提供推薦信 ※ 請注意：此為學習型 unpaid 實習，為期三 ~ 六個月， 《 無法接受者，請勿投遞,"['Canva', 'Excel', 'Figma']"
Security Researcher 資安研究實習生,菱鏡股份有限公司 TRAPA Security,為了培養更多優秀的資安研究員，TRAPA Security 將開放 1 名實習生的職缺 我們期待實習的學生能在我們的協助下完成下列學習和發展目標 學習漏洞研究技術: 實習生將有機會學習和探索最新的漏洞,"['cybersecurity', '資訊安全', '漏洞研究', '']"
電商行銷營運實習生,金宏昱有限公司,期擴增事業版圖，我們將進入各式B2B或B2C平台，為了加速平台電商發展，我們這次徵的是「電商行銷實習生」，希望對電商、汽車或改裝有興趣的同學能夠一起加入，同時也能學習到操作電商、SEO 或 汽車,"['Adobe Illustrator', 'Adobe Photoshop']"
【2024 Skyline春季實習】活動企劃實習生,Skyline,＊此頁面僅為資訊提供，請一律使用 Skyline官網 報名＊ 【 關於實習計畫】 報名日期：即日起～2024/07/28（日）23:59 實習期間：2024/08/19～2025/02/26 (視專案時長調整) 實習地點 ： 台北市中正區重慶南路一段121號,"['Google Drive', 'Communication', 'Excel', '']"
業務助理 (潛在客戶名單開發部門LeadGen) 實習生/工讀 遠端/現場彈性調整,IBBA 無疆界品牌顧問,我們正在尋找一位充滿動力和學習熱情的 Lead Generation 實習生，協助我們擴展客戶觸角，助力品牌拓展。加入我們的團隊，讓你的數據敏銳度和市場洞察力在多元產業中得以實現。我們的客戶涵蓋美業、醫,[]
福利社 FreeS Art Space 2025 上半年實習生,社團法人台灣視覺藝術協會,間環境維護等。 應徵期間｜即⽇起⾄ 11/30 ⽌ 名額｜3 名 實習時間｜ 2024/12月 - 2025/3⽉（以能全程參與的實習⽣優先錄取） 週⼆⾄週六11:00 - 19:00（每週排班兩天） 待遇福利｜ ．在實習期限(4個⽉)完成250⼩時以上時,"['Word', 'Excel', 'PowerPoint', '']"
電商設計實習生,dipp,年開始，就與大專院校系所展開產學合作、提供實習機會，認為學術知識和商業實踐相輔相成，透過實習，也能讓學生提前瞭解產業、找出合適的專長。在 dipp 點譜數位實習，您將有機會與我們的專業團,['PhotoShop']
【實習生專區】餐飲外場/中西餐廚房/點心房/房務部/會議宴會服務部/工程部/健身中心/西華匯/客服中心/服務中心/貴賓廳,台北萬豪酒店_Taipei Marriott Hotel_宜華國際股份有限公司,嗎? 學校所學是否對於未來工作有所幫助? 「實習」會是個很棒的開始！ 實習期間：至少6個月。 餐飲外場實習單位： Garden Kitchen、Lobby Lounge、Kouma日本料理、宴客樓中餐廳、Mark's Teppanyaki鐵板燒、INGE'S Bar & Grill 碳烤餐廳 廚房內場實習單,[]
【MyCha】行銷助理/實習生｜溫暖人格特質、對身旁的人事物充滿關懷,MyCha汽車買賣媒合平臺,【NT$200-300/hr 】 【Taipei City｜New Taipei City】 【We are looking for?】 兼職或實習皆可。 執行力高，願意接受培訓，若有意願未來可轉為正職夥伴。 需具備基本美編能力。 【What you'll be doing?】 1.規劃短中長期行銷活動 2.尋求異業行銷合作,"['photoshop', 'illustrator']"
【WEIDO Intern program 微逗國際 2024 實習計畫二期 】產品設計與插畫實習生,微逗國際股份有限公司,WEIDO Intern program 微逗國際 2024實習計畫二期 『當原創插畫/動漫/Vtuber成為流行文化的主旋律，品牌行銷的大推力，這是一個充滿挑戰的IP行業，你有興趣上車嗎？』 微逗國際招募2024第二期實習生！ 我們期待的你,"['After Effect', 'Canva', 'illustrator', '']"
區塊鏈投資研究實習生,紅樓資本股份有限公司,我們的加密貨幣投資研究團隊，為支持加密貨幣創新項目和推進web3技術發展大展身手。 加入我們實習可接觸到加密貨幣創投經驗、加密貨幣Defi、Public Chain很早期的項目，並手把手的帶領實習生在VC投,"['區塊鏈', '實習生', 'web3', '']"
行銷實習生,米粒廣告行銷股份有限公司,【學習重點】 1. 跨部門溝通協作、專案企劃、行銷實務經驗。 2. 行銷相關技能：企劃執行、文案撰寫、社群經營、成效數據分析等。,"['Excel', 'PowerPoint', 'Photoshop', '']"
Intern / 設計實習,baizhou.tw | 白晝有限公司,Looking for interns Must have strong sense of typography and layout. 白晝徵實習或工讀 可短期實習或工讀（至少2個月） 做事細心 能一次把事情做好，而不是一件事一直重複做很多次 每週需安排至少 3-5 天 如果彼此覺得合作愉快，將,"['台灣', '台北', '劍南路站', '']"
【WEIDO Intern program 微逗國際 2024 實習計畫二期】社群行銷/編輯/IP授權實習生,微逗國際股份有限公司,WEIDO Intern program 微逗國際 2024實習計畫二期 『當原創插畫/動漫/Vtuber成為流行文化的主旋律，品牌行銷的大推力，這是一個充滿挑戰的IP行業，你有興趣上車嗎？』 微逗國際招募2024第二期實習生！ 我們期待的你,"['After Effect', 'Canva', 'illustrator', '']"
MicMind Studio 影音實習生,鈁龍股份有限公司,【主要工作內容】 具影音剪輯能力（需有相關作品集） 負責館內行政作業、客務相關之例行文書工作（線上客服、現場接待、設備教學...等） 維護館內podcast 錄音設備、環境 館內簡易帳務處裡 協助社群平,"['Social Media Marketing', 'Shooting Video', 'Video Editing', '']"
【2024 BigByte實習｜教育業｜帶薪】Reading Coach 英文閱讀教練,BigByte Education 大樹國際文化企業,『BigByte始終在為未來做最好的準備』 從2020開始超前部署，善用線上學習平台及系統， 在抗疫期間堅持停課不停學，並維持原本的授課品質，受到九成家長的滿意回饋！ ▋Expand your horizons in the world of Education. BigByte uses U.S,"['補習班', '英文助教', '英文閱讀', '']"
【大學實習生、PT工讀生專區】法務,ULINJIA 優賃家,【實習生們看過來!】 - 時薪社員：185/小時(含勞健保)，每月工作需滿80小時 - 就讀大學、專科大三以上 - 實習期間表現優秀者，有機會轉聘為正職 - 實習完畢後，中英推薦信、實習證明 我們樂意幫忙! - 入職滿三,[]
LearnBySpace-秋季實習志工,社團法人臺灣創學共築永續創新教育協會,活動、餐會、走讀培訓課程等 實習期滿可獲得服務實習證書一張 表現優異者，另可獲得主管推薦函、實習績優獎狀以及正職夥伴優先面試機會 經主管評估表現良好者，另提供實習津貼 💡實習期間,"['非營利組織', '設計', '教育', '']"
電商營運正職 / 工讀 / 實習生,依貝創意行銷實業有限公司,希望你有電商工作經驗！活潑外向、認真負責、手腳俐落、細心專注！ 出貨時有可能會搬微重的物品、站梯子拿物品，所以有懼高的多加考慮再應徵喔 確保我們的商品順利到達每位顧客手中，是熱愛電,[]
聖誕佈置正職人員 / 實習生,依貝創意行銷實業有限公司,佈置道具製作裝備、進撤場作業 （可能會搬微重的物品、站梯子，所以有懼高的多加考慮再應徵喔！） 不論你是否有經驗，只要你對佈置充滿熱情，我們都歡迎你加入！ 不僅能參與現場佈置，更能與團隊一,[]
水谷藝術暑期實習生,水谷藝術,▍2024水谷藝術暑期實習生招募 想要近距離了解展覽背後的各種工作內容嗎？ 快點準備好你的作品集和簡歷，寄給我們吧！ ▍水谷藝術 水谷藝術位於台灣臺北市老城區--南萬華(加蚋仔)，是一個以在社,[]
Research Intern 研究部實習生,Isaiah Research,"• Support research team on monthly report data initialization. • Assist with consultant database comparison and analysis. • Support with data entry and online information gathering. • Support RA and Analyst data analysis and management. • Join in ad hoc projects and assignments. * Candidate may participate in the writing of monthly/weekly reports depending on performance. Job Summary •Function - Research Intern •Location – Taipei, Taiwan •Job Type – Part-time •Level - Entry Level/ Experienced •T","['powerpoint', 'excel', 'word']"
遠端工作 |Junior 前端工程師實習生_Junior Front-End Engineer Intern,美商優投房台灣辦事處,標創造價值． 敏捷開發是運行模式 工程師團隊 2* Senior Software Engineers 工作內容 我們正在招募 JUNIOR 前端軟體工程實習生．幫助我們建立一個跨國的，可信賴的資訊平台．藉由科技驅動與數據驅動的產品，無縫接軌,"['JavaScript', 'AWS', 'Github', '']"
實習計畫－企劃拍攝,Ginger Makeup 靖粧整體造型美學,雜誌「全台 10 大造型師」，Ginger老師也提供一對一彩妝課程、新秘創業全科班等授課。 身為Ginger老師帶領的實習計畫一份子，你將間接參與老師的個人IP打造與各品牌之間的串連。 你將會接觸到 參與社群,"['短影音', '短影音剪輯', '企劃撰寫']"
品牌小幫手｜工讀生｜計時人員 （歡迎在校生/實習/兼職）,後研設計有限公司,【工作目標】 我們希望找到對於服裝品牌運營有興趣，也希望能投入到相關產業的工作者，並且擁有細心與縝密的特質，主要的工作目標是協助設計總監、設計師與運營經理完成大小短期任務，以,"['Photoshop', 'Google Drive', 'Microsoft Office', '']"
影音動畫剪輯人員(兼職可，歡迎實習，薪3萬起),聯聖企管顧問股份有限公司,★職務內容： 1.協同拍攝課程影片 2.完成課程影片片頭製作、剪輯、字幕、後製 3.課程網頁視覺設計(銷售頁面banner設計、圖文編排) 4.設計公司周邊商品、輔銷物 5. 協助專案執行與處理主管,[]
【BonMedia】影音直播＆剪輯後製長期實習生,蹦蹦資訊股份有限公司,【BonMedia影音視訊直播剪輯 實習招募來了喔！】 2020是直播元年，當邁進了2021全世界疫情席捲的世界，直播、視訊、自媒體的網路數位線上世界從原本的遙遠距離變得如此貼近生活，而直播影音趨勢需求以,"['YouTube', 'MV', '新創', '']"
AI研究員實習生（分布式訓練、推理方向）,台灣靈境雲計算科技有限公司,"Lead and participate in novel research and implementation of state-of-the-art decentralized inference & training solutions Publish research in top-tier AI conferences such as ICLR, ICML, and NeurIPS Distill highly technical outcomes into approachable technical blogs for our customers and developer community","['Photoshop', 'Communication']"
專案助理 學生實習/長期工讀生 (可發放中英文證明並申請轉正職),Jogeek 翔碩科技 (華碩集團),翔碩科技(JOGEEK Technology)為華碩電腦旗下的全資子公司。我們正在尋找一名積極主動、想要挑戰與學習的業務專案助理實習生/工讀生來加入我們的團隊。在這個角色中，您將參與並協助處理主要日常作,"['Excel', 'word', 'Communication']"
客戶成功實習生 Customer Success Intern,人嶼物股份有限公司,哈囉，謝謝你對【台南客戶成功實習生】有興趣！ 好盒器的台南工作室是容器調度總部，每月將上萬件的容器出貨至台灣各個縣市，讓各地的活動單位、店鋪夥伴都能使用到循環容器服務。同時，我們也,"['客戶成功', '行銷企劃', '營運管理', '']"
社群行銷實習生,TTtrips - 真心國際旅行社有限公司,製作社群創意影片： 設計和製作吸引力十足的短片和宣傳片，用於Facebook、Instagram等社群平台。 針對目標受眾，制定適合的影片策略，有效吸引觀眾關注。 運用簡易AI工具進行後期編輯，確保影片質量。 製作旅行,[]
【影音拍攝/後製剪輯 實習生 Video Editing Intern】,愷銳音響有限公司,【2025 伊諾特國際 實習生計畫】 ＃品牌行銷實習生 ＃視覺設計實習生 ＃影片剪輯實習生 你能想像你以前聽的音樂都不算是音樂嗎? 你有想過用頂級專業音響看電影有多震撼嗎? 如果你對這些問題渴望,"['剪輯軟體:Premiere', '剪映', 'Canva']"
博物館課程研發實習生,史汀科技教育有限公司,過學習找到適合發光發熱的舞台，更可以讓自己的信仰和價值被許多人看見。 因此，我們即將展開實習培育計畫，邀請對未來、對教育懷抱理想的你，跟著史汀實驗室一起挖掘更多創新教育的可能,"['Teaching', 'Communication', 'explore', '']"
品牌行銷實習生,愷銳音響,【實習職缺】 哈嘍 大家好！對於喜歡看電影和對音響世界想更深入了解，以及想在行銷及設計方面大展長才之人，通通看過來～ 難得一見的實習機會出現啦！ 伊諾特國際－品牌行銷實習生 伊諾特國際,[]
PeopleSearch Intern 實習生,PeopleSearch Taiwan,Key Responsibility: 1. 求職者開發及資料建立 Assist in database sourcing project; conduct mapping for organization structures of targeted companies. 2. 顧客連絡資料整理、建檔以及追蹤 Assist in organization and preparation of documents or reports; study target industry. 3. 協助業務人員處理銷售業務相關之公司內部行政,"['Recruitment', 'hr', 'Sales', '']"
視覺設計實習生,愷銳音響,【實習職缺】 哈嘍 大家好！對於喜歡看電影和對音響世界想更深入了解，以及想在行銷及設計方面大展長才之人，通通看過來～ 難得一見的實習機會出現啦！ 伊諾特國際－品牌行銷實習生 伊諾特國際,['110台灣台北市信義區']
社群暨內容行銷實習生,PettoFund 群眾實現美好毛孩生活,【此職缺開放實習/兼職】 【 Job Description 】 1. 聚焦在PettoFund 旗下 寵物電商平台「 PettoFund｜佩托邦-群眾實現美好生活」進行品牌官網營運與社群內容企劃與執行 2. 為實現營運目標（ pagevisit/user growth...），策劃一系列商業,"['Digital Marketing', 'Social Media Marketing', 'Content Writing']"
實習生 Intern/Management Trainee (提供轉正職機會),HRnet One (Taiwan) Pte Ltd – Taiwan Branch,如果你對人資或業務工作有興趣、擅於溝通、想拓展市場視野與人脈，且擁有一顆勇於挑戰的心，歡迎加入我們！！ Key Responsibility: 1. 求職者開發及資料建立 Assist in database sourcing project; conduct mapping for organization structures of targeted companies. 2. 顧客連絡資,"['Microsoft Office', 'Google Drive', 'Hiring', '']"
【2025人才儲備計畫】業務實習生,舒美興業股份有限公司,【業務實習生招募中！你，就是我們在找的業務儲備人才！】 想成為業務高手？我們正在尋找 聰明、積極、願意挑戰自我的實習夥伴 在這裡，不只是學習基本功，更能培養你成為團隊不可或缺的人才！ ▋ 你,[]
平面 / UI / UX 設計實習生,MetHer,"1. 平面設計/海報 設計經驗（請附上作品集） 2. 熟悉 Photoshop, Illustrator 等繪圖軟體 3. 具有排版、色彩、美感與設計概念 4. 能獨立完成交付任務，具備時程及自我管理能力 5. 品牌視覺規劃 / 電商視覺","['photoshop', 'illustrator', 'sketch', '']"
品牌行銷實習,非常婚禮veryWed,"介紹非常婚禮與活動 品牌聯合活動推廣執行 與既有品牌討論溝通，定期更新活動 協助品牌策略 協助製作品牌活動企劃簡報 品牌活動結案報告 說明文案,圖片或短影音製作","['Google Drive', 'Excel']"
產品營運實習 Product Operations Intern（可遠端工作）,雷吉星教育科技有限公司,邏輯思路 * 目標導向且具自發性，能夠兼顧效率與品質，高度掌握時程進度並主動溝通 * 一週能配合實習至少 3 天，並以能夠實習至少 2 個月者優先 ( 可彈性遠端 ) ▌如果你具備以下加分條件，會很棒,"['Microsoft Office', 'excel']"
經營/影音行銷管理實習生,夢想銀號科技股份有限公司 （DreamLoan）,【誠徵 - 經營管理實習生一位、影音行銷實習生一位，歡迎 2025年 5月起可投入實習的同學們來申請】 【經營管理實習生】說明如下： 💡在這裡實習將會擁有： ● 學習不完的新知與投融資評估實務，可從旁,"['剪映', 'ChatGPT', 'Email Marketing', '']"
課程行政助理 (工讀/實習),言果學習股份有限公司,言果學習是一家致力於企業培訓的公司，透過混合式培訓、遊戲化教學和AI互動學習，為台灣上市上櫃公司及外商企業提供創新的人才發展解決方案。我們相信學習成果比形式更重要，並致力於,[]
專案管理實習生,RevtelTech 忻旅科技股份有限公司,一套系統小至網頁，大到跨平台服務，是經過無數次的檢驗與測試才能夠呈現最好的結果。擁有良好使用者體驗的功能與介面，背後蘊含了許多的心血與努力， 是非常巨大且需要團隊合作才能達,"['excel', 'powerpoint', 'google drive']"
學習型※AI音樂-行銷實習生 （Unpaid Internship）,樂易創股份有限公司,特別的經驗 表現優異者，另設專案獎金，並有機會轉為 Paid Intern / 正職人員 可配合學校簽訂契約、開具實習證明，並視表現可提供推薦信 ※ 請注意：此為學習型 unpaid 實習，為期三 ~ 六個月， 《 無法接受者，請勿投遞,"['KOCKOL合作', 'Social Media Marketing', 'Canva']"
全端實習工程師,Appar約沛科技有限公司,我們是約沛科技，溫馨且充滿動能的開發團隊 https://appar.com.tw 成員學經歷多來自相關台灣頂尖科系或企業。服務的客戶包含國際知名企業、地方政府或是傑出的新創企業。 【工作內容】： - 參與團隊,[]
行銷動物實習生,非我品牌空間設計｜UNME DESIGN,※UNME ZOO 提醒:要填寫心理測驗，才有入園聊聊資格唷。 【動物實習生】 與學校的訓練不同，UNME 的實習規劃，著重在跳脫框架、思維轉換的訓練，期待透過專業的實務經驗，累積你的執行力，如果你也期待能往,"['Word', 'PowerPoint', 'Excel', '']"
實習生 Intern,覓食顧問股份有限公司(iFoodMap食材地圖),如果你對新創公司快速迭代的流程有興趣，透過至新創公司實習，能更清楚自身是否適合靈活彈性和快速成長的工作環境，更能參與從市場驗證、產品規劃、定價策略、到市場開發這些以往在大公,"['Microsoft Office', 'Google Drive', 'Communication', '']"
行銷企劃實習生,摩揪台灣股份有限公司On-us,為了配合我們在台灣市場的業務發展，我們正尋找一位市場行銷與傳播實習生加入我們的台灣團隊。該職位將與高階管理層和市場代理緊密合作，為台灣提供市場行銷和傳播服務。這個實習機,[]
Social Media Content  Intern 社群媒體設計實習生,浪鏈數位傳媒股份有限公司,做相同事情，因此你會更快地接觸到各種工作和挑戰，對你個人的成長和未來發展絕對有幫助。 ★實習計畫說明 這份實習職位將成為 NOND LAND 媒體團隊的一份子。我們的團隊分工明確，不論是網站內,[]
《台北》航線營運實習生,萬泰物流供應鏈股份有限公司,實習職務】海外事業部-Indoor Sales實習生 【工作內容】 : 1.英文報價回覆 2.出貨相關聯繫 3.VIP客戶關係維護 【實習時間】 一週若可配合4個整天實習，優先面談 【實習生特質】 具主動積極、耐心、細心之特質,[]
[遠端] 專案實習生（適合對科技議題、區塊鏈、Web3 有敏銳度參加）,快樂學程式,實習計畫並有機會成為長期合作成員。積極主動，為成長與團隊目標負責，我們會把你當做是團隊的一員，也請你認真對待你的實習工作。 工作性質 Type 主要為遠端工作。我們會有線下活動與工作坊、,"['專案管理', '行銷企劃', '電商', '']"
空間｜實習生,非我品牌空間設計｜UNME DESIGN,※UNME ZOO 提醒:要填寫心理測驗，才有入園聊聊資格唷。 【 空間｜實習生 】 我們正在尋找 對空間設計充滿熱情、擅長學習與實踐的實習夥伴 ，無論你的背景為何，只要你願意 探索設計可能、精進專業技能、參與,"['Word', 'PowerPoint', 'Excel', '']"
Consultant Intern (招募實習生),思享有限公司,"As our consultant intern, you can work with various areas of recruitment consultants to support the following initiatives: Partner with consultants based on specific project objectives to build talent pipelines. Assist resume screening, interview coordination, sourcing strategies and candidate management/engagement through telephone. Support candidate care efforts by implementing streamlined interview coordination efforts. Conduct industry research to provide market insights and trends to intern","['台北', 'consultant', 'Recruitment', '']"
技術部 | 軟體測試實習生(QA Intern),AIRA Corporation,.youtube.com/@airacorporation8230 只要您對於進入科技產業成為工程師/ 系統導入的工作有興趣，都歡迎應徵AIRA實習生！ 如果是學生的你又對於未來的工作感覺抓不著方向。AIRA會是你的好選擇，因為AIRA是一個新,[]
Omplexity 系統思考顧問實習生,Omplexity,【實習】Omplexity/ 系統思考顧問實習生 -- 【公司名稱】Omplexity 系統變革顧問公司 【工作職缺】系統思考顧問實習生/ Systems Thinking Intern Consultant（共徵求2位） 【工作內容】 協助規劃與執行系統圖繪製顧問案與工作坊 研究國外系統思,[]
【校外實習】企業實習生(長期/半年/一年),心之芳庭股份有限公司,心之芳庭實習生歡迎您來報名唷~ 目前我們提供以下品牌的半年/一年制至職場實習機會， 工作的內容包含了【園區體驗服務員、餐廳接待服務員、廚部&吧檯料理魔法師、商品分享員、民宿管家】，歡迎,[]
區塊鏈音樂NFT運營與行銷實習/工讀生,Fansi Me Inc.,音樂NFT正在試圖改變部分音樂產業，以及為很多音樂人開啟一道新的門，我們希望邀請更多有志人才參與及創造歷史。 我們在尋找一個熱愛挑戰自己及新事物，喜歡真實的新創文化，重度音樂愛,"['Growth Hacking', 'Growth', 'Marketing', '']"
政府資源與企業資源企劃實習生,夢想銀號科技股份有限公司 （DreamLoan）,【歡迎 2025年 5月起有興趣可投入實習的同學們加入喔!!!】 💡在這實習您將享有： ● 開放舒適的辦公空間 ● 友善、尊重的工作文化 ● 學習不完的新知、從 0 到 1 的創業體驗 ● 金融科技知識的學習，並,"['word', 'excel', 'powerpoint', '']"
會計助理 (歡迎實習生),台北金融研究發展基金會,1. 協助會計帳務處理。 2. 記錄及彙整交易產生之原始憑證，並登錄至會計系統。 3. 整理有關各項費用支付之發票、單據。 4. 處理其他一般會計庶務。 5. 行政文書資料電腦建檔。 6. 其他主,"['PowerPoint', 'Excel', 'Word']"
【實習生】助理工程師 (高雄),SCREEN SPE Taiwan  台灣迪恩士半導體科技股份有限公司,*歡迎學生找實習* 請於投遞時備註可實習時程，謝謝！ ※ 預計任用時程(需配合一~五全天實習) 半年期-今年 : 2025/9-2026/1 半年期-明年 : 2026/2-2026/6 一年期 : 2025/9-2026/6 [技術部門-設備實習生-助工] 1,"['南科', '半導體', '實習生', '']"
研發部 | 前端實習生 (Frontend Intern),AIRA Corporation,AIRA 專注於將 AI 影像技術應用在不同場域中，加入後會接觸到各種不同的產品領域。應用方案涵蓋健康管理、考勤管理、門禁管制、迎賓/黑名單管理、訪客管理、陌生人追踪等，提昇智慧建築、智慧長照,[]
2025 實習生招募計畫 - DevOps Engineer Intern,新芽網路股份有限公司,投遞履歷請一律至專屬的職缺網頁： https://25sprout.teamdoor.io/s/zFg55YwX 透過此平台投遞將不會回覆唷 在這飛速成長的開發環境中，我們相當仰賴自動化的開發維運流程，提供開發者一個便捷、可靠且,"['SRE', 'DevOps / CI / CD', 'DevOps', '', '']"
Wordpress 網站工程師 (遠端實習生 Intern),禮品紅 Red Gift,2 可配合整年工讀者優先錄取 / 表現好畢業後可優先轉正職 3 實習為學分實習，故無提供薪資。實習期滿，給予實習證明，並依能力提供獎學金 【實習獎學金】 實習期滿，出席約定實習時數後，發放獎,"['Wordpress Web Design', 'WordPress Developer', 'Wordpress Development', '']"
高曼計量 ｜ 行銷企劃實習生 Marketing Intern,高曼計量財務管理顧問股份有限公司 /高曼證券投資顧問股份有限公司,協助對外文宣的視覺設計 協助其他主管交辦事項 實習轉正 高曼集團提供職場能力表現優異的實習夥伴優先轉正職的機會，歡迎想一起踏入金融科技產業的應屆畢業生一起加入我們！ 原實習,"['Marketing & PR', 'Video Editing', 'Canva', '']"
ID設計實習生,iNewMe 艾檸美科技有限公司,📢 設計實習生召募 | 加入艾檸美，理論與實戰的完美結合🎨✨ 實習薪資：2萬2千~2萬5千元，面議，根據每週可實習天數計算。 實習時長：6個月起簽，最長可至12個月 🌟 我們是誰？ 艾檸美科技有限公,[]
線上中英雙語教師 ─ 實習計畫（歡迎在校生）,TutorABC,工作內容： 教授成人及少兒（4－5、6－12、13－18歲）英語，提升學生聽、說、讀、寫能力 使用國際級教材（牛津、劍橋、Barron’s出版社）授課 協助學生備考多益、托福、雅思、國高中升學考等考試 提供課後學習回饋 資格要,[]
數位行銷實習生,碧思有限公司,如果你擁有 成長型思維 ，歡迎加入我們~ 魔數成立於 2021年 ，致力於將 數學知識 融入孩子的日常生活，不僅局限於課堂學習，更重視在 生活中實踐 。 我們的 使命 是讓孩子重新掌握學習自主權，為迎接 AI,"['數位行銷', '社群媒體經營管理', '社群行銷', '']"
【暑期實習生】三峽小草書屋(國小部)、青草職能學苑(國中部) 課務行銷2名 、課務行政2名,社團法人台灣城鄉永續關懷協會,小草書屋(國小部)職缺描述 三峽- 小草書屋 主要服務對象：國小學生 課務/ 行銷 1名 課務/ 行政 1名 實習內容 1. 協助各種課堂教材準備 2. 陪伴與熟悉學生狀況與應變處理 3. 獨立設計課,[]
ESG 商業資訊與數位應用實習生（歡迎應屆畢業生）,永訊智庫股份有限公司,☀踏入永續新時代，累積你的職場實戰力！ 對 ESG（環境、社會、治理）有興趣嗎？ 想學習如何運用 AI 工具提升專案效率嗎？ 如果你的答案是肯定的，這份實習將為你打開進入 ESG 產業與 AI 數位應用的大門。 ☼,"['word', 'excel', 'powerpoint', '']"
內容企劃實習生,懷慕科技股份有限公司,靈健康領域，學習創意企劃與品牌推廣技巧 團隊氛圍：支持自我成長，提供友善協作的工作環境 ▮實習工作內容 支援電商端團隊協作事項 整理並統合產品與服務資訊 協助活動執行，參與計畫落,"['Google Drive', 'Canva', 'Communication']"
CESBG 2025 雲端實習生專區,鴻海科技集團-鴻佰科技股份有限公司 (土城),工作內容: 鴻海集團-AI Server 雲運算產品事業群 (CESBG)校園招募-2025 實習生&新幹班計劃 • 鴻海集團 Fii 雲運算產品事業群提供有志朝產業發展的同學實習之工作機會。 • 同學將與專業團隊一起工作學習，以得,"['+土城區', '+土城工業區']"
社群短影音實習生/兼職,悠勢科技股份有限公司 USPACE,妳/你將與USPACE集團各事業部門協作，打造高流量短影音內容與品牌IP，且成為公司影音頻道的重要推手！如果你有經營社群影音的熱情，嚮往在公司資源挹注下打造品牌、個人IP，若喜歡研究社群,"['節目內容包裝與規劃製作', '各式影片剪接後製作業', '執行影片拍攝作業', '']"
Social Media Intern_社群媒體經營實習生,Almost,"Start date: ASAP, must commit for at least 6 months Working hours: 20 hours per week Salary: 183 NT/hour and up (depending on experience) Location: Taipei and/or remote worldwide We are currently looking for a bilingual social media intern with a strong interest in global news, and a passion for social media and its possibilities, to join our growing editorial team. You should be excited about creating content, working across different social media platforms, and","['Canva', 'SEO', 'Instagram', '']"
實習記者/製作人 – Almost,Almost,職位： 實習記者/製作人 – Almost 時間： 即日起 薪資： 時薪183NT起（視經驗調整） 性質： 實習（一週 20 小時，於入職後與主管討論固定工時） 地點： 台北（混合辦公） Almost 是一家以 Instagram 和 TikTok 為主要平台的中英雙語媒體，專為年,"['Communication', 'Canva', 'Premiere Pro', '']"
節目部助理 TV Program Intern（實習 / 兼職）,Enjoy TV Holding Sdn Bhd,心血夢想即將在 2025年3月1日，國有無線電視 Channel105 啟播（緊接在TV3之後）。加入 Enjoy TV，成為我們節目部的實習助理，協助我們在多媒體領域發揮創意！ 實習工作內容： 協助節目排播的準備工作，確保所有內,"['Microsoft Office', 'Communication', 'Google Drive', '']"
品控實習生,SAT. KNOWLEDGE 知識衛星,在這個職位中，你將與課程製作團隊密切合作，參與知識衛星線上課程的製作過程。 你需要具備的內容彙整的能力、協助課程順利產出並與對產品抱有熱忱；我們不怕打掉重練，希望你也能有將事,[]
【暑期實習生】大溪小草書屋(國小部)&青草職能學苑(國中部)課務行銷1名 、課務行政1名,社團法人台灣城鄉永續關懷協會,－大溪－ 小草書屋&青草職能學苑：課務行銷1名/課務行政1名,[]
【實習生】部品販賣部實習生 (台南),SCREEN SPE Taiwan  台灣迪恩士半導體科技股份有限公司,*歡迎學生找一年期-實習* ※ 預計任用時程 (需配合一~五全天實習) 一年期 : 2025/9-2026/6 [部品販賣部實習生] 1. 商科相關科系尤佳 2. 文書整理 3. 善於Microsoft Office軟體操作，熟悉Excel尤佳 4. 其他主管,"['實習', '實習生', '半導體', '']"
社群行銷短影音實習,非常婚禮veryWed,參與社群行銷企劃發想、執行 製作社群貼文，短影音製作發布 協助社群廣告行銷 觀察行銷數據與行銷成果 協助成效整理與數據分析 社群相關媒體詢問回覆 非常婚禮社群維護,"['Google Drive', 'PowerPoint', 'Excel']"
旅遊實習生,佳安旅行社,台北佳安旅行社 正在招募 # 實習生 # 畢業有轉正機會 佳安是間致力於接待外國企業、國際學生團體、外賓大使、國際媒體、網紅等來台旅遊的旅行社，我們是最會說台灣故事的旅行社！公司風氣活,"['Word', 'Excel', 'PowerPoint', '', '']"
2025 年下半年實習計畫,One-Forty,分享給身邊的朋友喔！這次我們將開放以下職缺： 🔸 捐款營運實習生｜大眾募款部 🔸 印尼移工教育實習生｜教育培力部 🙋🏻 準備好從現在開始走向未來了嗎？兩步驟申請成為 One-Forty 實習生！ 1️⃣ 閱讀 One,[]
SI/PI模擬工程師(實習生),麥森創新股份有限公司,1. 協助SI/PI模擬工程師進行PCB信號完整性與電源完整性分析，熟練使用相關模擬軟體（如Cadence Sigrity、Ansys HFSS）。 2. 參與高速信號（DDR、USB、PCIe 等）測試與數據分析，學習如何進行波形分析、時序檢查等。 3. 協,[]
軟體測試工程師助理(實習工讀生) (策略與新創事業部/數位開發中心)-歡迎學年實習 資訊科系學生,TVBS聯利媒體股份有限公司,TVBS開發團隊對於軟體的品質有最高的要求。 我們致力於以穩定的開發速率，持續地交付有價值的軟體來滿足客戶需求，並以全局為考量穩定改善團隊及消除多餘的浪費。我們深信最佳的架構與,"['台灣台北', 'Function Test', 'excel', '']"
【寵物科技公司】Tagging Intern 資料標註實習生（非AI開發）,Tomofun 寵物AIoT科技新創,Please apply via: https://grnh.se/00f47fa73us 【 About the company 】 Tomofun是一間國際化的寵物科技新創公司，我們熱愛毛孩和科技，致力於帶給全世界寵物飼主源源不絕的歡樂與創新！ 在全球寵物科技業中，Tomofun 是第一家實踐AIoT於產,[]
不動產開發PT實習生,踏取國際開發有限公司,提供相關專業的教學與課程培訓，讓你有機會接觸多元的人脈，深入學習更多專業知識，前期透過實習工讀模式配合，未來更有機會成為我們的正職夥伴。 工作內容： 收集與整理不動產相關資訊 發,[]
廣告部銷售助理 TV Commercial Intern（實習 / 兼職),Enjoy TV Holding Sdn Bhd,年3月1日，國有無線電視 Channel105 啟播（緊接在TV3之後）。我們正在尋找一位充滿活力的廣告部銷售助理（實習），來支持我們的廣告銷售團隊！ 實習工作內容： 協助準備廣告提案及契約，確保文檔的準確性和,"['Google Drive', 'Communication', 'Microsoft Office']"
【實習生】採購部日文實習生 (新竹),SCREEN SPE Taiwan  台灣迪恩士半導體科技股份有限公司,*歡迎學生找一年期-實習* ※ 預計任用時程 (需配合一~五全天實習) 一年期 : 2025/9-2026/6 [採購部實習生] 1. 日文達日常使用程度 2. 文書作業、善於Microsoft Office軟體操作，熟悉Excel尤佳 3. 其他主管交辦事,[]
都更整合實習PT(可轉正),踏取國際開發有限公司,提供相關專業的教學與課程培訓，讓你有機會接觸多元的人脈，深入學習更多專業知識，前期透過實習工讀模式配合，未來更有機會成為我們的正職夥伴。有企圖心的你，熱愛挑戰天花板的你，歡迎,[]
GUI Designer 實習生【明基BenQ數位時尚設計中心】,BenQ 明基電通,用者需求，為產品開發發想其他情境應用之可能性，提出創新的價值主張 * 需配合至少半年以上的實習，若可配合一年者優先考慮 * 實習福利：員工餐廳午餐補助與免費晚餐、公司家庭日、電影票發放,"['Figma', 'Zeplin', 'Sketch', '']"
行銷實習生 Marketing Intern,極緻形象股份有限公司,線上部門的Marketing將會參與公司新品牌、客戶合作案的行銷，擁有非常大的發揮空間，並且能直接看見你的影響力。 如果你是： 想參與新創團隊從零到一的熱血過程。 有強大的責任心，以目標和任務導向,"['powerpoint', 'Canva', 'FB', '']"
百貨營業實習生(學生實習),遠雄流通事業股份有限公司,工作內容： 1. 專櫃庶務管理 2. 品牌業績管理 3. 樓層管理 4. 商品管理 5. 報表製作 6. 行銷活動接洽 7. 安全管理 8.其他主管交辦事項 ~~歡迎喜歡熟悉百貨環境、追求成就與成長的,[]
電商營運實習生（文案/選品）,IGcar 愛駒資訊,2021/03/21 更新： 目前 on board 一位成員，所以我們可能不會回覆您的履歷 但如果您的履歷夠亮眼，我們還是會跟您接觸的 ------------ 這份工作的應徵條件，必須要有一個本職能力是強的 1. 懂車 2. 文案撰,['powerpoint']
【實習生】部品販賣部實習生 (新竹),SCREEN SPE Taiwan  台灣迪恩士半導體科技股份有限公司,*歡迎學生找一年期-實習* ※ 預計任用時程 (需配合一~五全天實習) 一年期 : 2025/9-2026/6 [部品販賣部實習生] 1. 商科相關科系尤佳 2. 文書整理 3. 善於Microsoft Office軟體操作，熟悉Excel尤佳 4. 其他主管,"['實習', '實習生', '半導體', '']"
【2025人才儲備計畫】- 財會實習生,舒美興業股份有限公司,1.憑證核對與帳務登錄 2.傳票整理和文件歸檔工作 3.財務分析與日常會計作業管理。 4.與各部門協作完成交易流程。 5. 完成主管交辦事宜。,[]
夢想動畫 暑期實習生,夢想動畫,這種實習沒看過！夢想動畫暑期實習徵才中 每年暑假，夢想都會徵求夏日夥伴加入，今年夢想動畫的實習計畫，一樣會讓實習夥伴們透過參與專案和課程，認識動畫產業最前沿的知識和流程。今年,[]
[遠端] 專案實習生（合適於社群、數據行銷有興趣者）,行銷工程台灣,你正在尋找基於數據與工程的行銷科技嗎？這是一份行銷、程式相關且累積實務經驗的實習工作。行銷工程台灣推廣使用工程化素養累積行銷手法與推動專案的能力，從實務著手一步步找到行,[]
Site Intelligence Analyst Intern (一年實習計畫/臨床試驗資料庫實習生/提供轉正職機會),百瑞精鼎國際股份有限公司,"**1 year Intern Program** As a Site Intelligence Intern at Parexel, you will have the opportunity to gain valuable industry experience and contribute to the success of clinical trials. This internship is designed to provide you with practical exposure to the field of clinical research and site intelligence. Job Description • Provide operational support and test for Site Intelligence Data Assets and Systems. •, Program Parexel Surveys and process investigative site lists in support of site intell","['Data Analysis', 'Database Management', 'Data Structures', '']"
寶藏巖國際藝術村2025年上半年度實習生(2025.02-2025.06),財團法人台北市文化基金會藝術村營運部,藏巖國際藝術村（aka萬盛溪河岸第一排，藝術生產第一線），誠摯歡迎各位寶藏男孩女孩加入我們的實習計劃！── ✦關於我們寶藏巖國際藝術村隸屬台北市文化基金會藝術村營運部。 2024年，我們的「台,[]
"Internship, Retail Marketing / 行銷實習生",自由泛賣_自由食間_滿食空股份有限公司,FooSpace 是一間零售科技公司， 致力於發展「無人零售 U-comm」相關科技， 並以 SaaS 的方式服務零售客戶。 我們總是追求進步與改變， 正在用創新科技為零售產業帶來下一個顛覆， 歡迎有理想的你一同加入！ 【關於,"['Sales & Marketing', '行銷', '實習生']"
社群行銷實習生,弗肯思運動教育股份有限公司,【 品牌介紹 】 Falcons 致力於推廣運動及教育，希望能透過運動有效改善基層教育環境。我們相信籃球訓練不僅僅是增強技術層面，更能建立每個學員強韌的心理素質！為了達到這個目標，我們需要更多,"['Social Media Marketing', 'Adobe Illustrator', 'Adobe Photoshop', '']"
"(實習) 前端開發工程師 / Frontend Engineer (F2E, Vue, React)",SkyREC,【團隊任務與介紹】 SkyREC 為國內最全面針對實體零售場域/AI影像+監控分析 SaaS 軟體服務公司，提供「AI+BI+CCTV」新零售軟體雲服務，協助零售品牌快速切入以數字化管理門市大樓，線上線下數據,"['vue.js', 'Vue', 'Vue.js', '']"
攝影實習生,UnderPeace,【負責工作內容】 - 負責跟拍作業與協助拍攝企劃執行 - 協助商品平拍、情境以及人像拍攝 - 工作包含後製調色、去背、修圖等作業內容 - 需與設計、行銷人員溝通討論拍攝細節,"['illustrator', 'photoshop', 'Premiere']"
行銷科技開發實習生 - Martech Intern,HIGH5.AI,【 關於我們 】 HIGH5 是專注於智慧自動化行銷服務的公司，2017年成立以來，已為百家企業累積打造千萬以上互動，獲得億筆以上數據。 我們協助品牌透過創意互動活動，創造有價值的數據，以達到後續轉,"['powerpoint', 'photoshop']"
Obear X 實習教師 守護孩子的光 無經驗可 完整規劃，絕非免洗,黑熊文理短期補習班,我們提供的不僅是一份工作，還是一個成就感滿滿的成長平台： 先簡單介紹我們 『願景』 DREAM WITH FAMILY 我們希望所有小熊都能在良好的家庭氛圍中，根據自己的意志與能力，發展成屬於自己的樣子。 『使命』 把,['']
影音實習生,思麥特活動創意整合行銷有限公司,材 協助影片後製剪輯 加分條件： 有影片剪輯經驗，能獨立完成作業。 學歷科系要求： 不拘，可配合學校實習生計劃，請務必在投遞履歷時先行說明(實習時數/期程) 專業技能： Premiere、Final Cut、Imovie、威力導演任一項,"['Premiere', 'final cut', 'IMovie']"
商務發展實習生（台北）Sales Associate,FLUX 通量三維股份有限公司,我們期許你有積極自主的特質，願意學習、善於溝通且不畏懼挑戰！ 加入 FLUX，一起打造數位製造工具生態系。 歡迎對業務工作有興趣者，加入我們，一起成長茁壯！ 【工作內容】 • 協助處理潛在客戶來電需求,[]
得利設計   學年/學期實習,得利設計,樣圖面。 3. 協助設計師， 施工圖繪製與現場管理協助。 4.公司社群經營相關視覺編排。 5.協助設計師，3D效果圖渲染與製作提案簡報。 工作時間 - 實習長度：6 ~ 12 個月（可視情況於面試時討論調整）,"['Interior Design', '室內設計']"
永續服務-企業永續發展管理顧問(實習生同步招募中),秉承聯合會計師事務所,１. 協助企業建立永續發展機制、推動永續方案實施，建立企業永續發展文化 ２. 協助企業辨識永續發展風險與機會、提供企業永續發展諮詢服務與改善建議 ３. 執行企業永續發展相關專案,"['Word', 'PowerPoint', 'Excel', '']"
2023 VC Intern 創投實習生,AppWorks,"Important: to apply, click here . See first hand how AppWorks, the leading startup accelerator & VC in Greater Southeast Asia, actually operates. Learn how to pull off an event attended by 1,000 people — our renowned semi-annual Demo Day. Conduct research and due diligence for VC deals and investment-related projects. Gain access to AppWorks Partners, Associates, Analysts, and Masters. Meet a ton of aspiring startup founders, from Taiwan, Southeast Asia, and around the world",[]
[海外] Hsinfei新飛留遊學－菲律賓宿霧實習生徵選開跑！,新飛留遊學,新飛開始徵選宿霧實習生囉！為了將菲律賓遊學的好推廣給更多人知道，所以需要你的加入來協助！不只有機會可實際了解產業現況，還有到擁有美麗藍天大海的觀光大城宿霧參與當地旅遊活,"['Google Drive', 'Communication', 'Microsoft Office', '']"
B2B 行銷實習生,QSearch,▋ 工作內容 負責整理完成定期產業分析內容 協助規劃內容行銷主題 協助優化行銷渠道(社群平台、Intercom、EDM、活動) 協助優化內容 SEO 使用 Facebook 廣告系統實踐精準廣告投放,"['Google Analytics', 'Google Ads', 'Search console', '']"
eCommerce 電商門市營運助理/實習,Spark Protein 星睿食品股份有限公司,​​​​​​Our motto: A Little Spark May Kindle a Great Fire. 我們是個在建立架構與流程中不斷的優化與精進的團隊，如果你想經歷從零到有、1到100，這裡有很多機會與可能性等待被創造。 期待你加入我們一起成為一個火苗,"['台灣台北市大安區', 'illustrator', 'google drive', '']"
【美容部】醫美實習生,聖宜醫美集團_聖宜診所,學美容知識技能者（不限院校系所） 12:00~21:00／月休8~10天（28天休8天） 實習期間：學期或學年制不拘 實習館別：站前館/忠孝館/板橋館/桃園館/中壢館/新竹館/台中館（以上擇一） 實習福利：勞,[]
平面/網頁設計實習生,邁銳新,[工作內容] ● 品牌網頁相關圖文設計與優化 ● 產品相關包材、DM、活動小卡...等設計與優化 ● 廣告素材製作 (e.g. banner、EDM...等等) ● 參與活動專案設計執行、品牌周邊商品設計發想 ●,"['illustrator', 'photoshop', 'Figma', '']"
【大學實習生、PT工讀生專區】平面設計、工業設計,ULINJIA 優賃家,【實習生們看過來!】 - 時薪社員：185/小時(含勞健保)，每月工作需滿80小時 - 就讀大學、專科大三以上 - 實習期間表現優秀者，有機會轉聘為正職 - 實習完畢後，中英推薦信、實習證明 我們樂意幫忙! - 入職滿三,[]
GRASS Growth Marketing Intern 成長行銷實習生,GRASS,"About GRASS Join GRASS, Taiwan's fastest-growing outdoor dating app with over 200,000 users, frequently featured on the Apple App Store's homepage. We are currently seeking a dynamic Growth Marketing Intern to join our elite software team. This internship offers a transformative opportunity to work alongside some of the best minds in the industry, utilizing cutting-edge digital marketing and growth hacking techniques to redefine the dating app market. Outstanding performance could lead to","['Excel', 'Canva']"
"Internship, Software Engineering / 軟體開發實習生",自由泛賣_自由食間_滿食空股份有限公司,FooSpace 是一間零售科技公司， 致力於發展「DTC智慧無人零售」， 並以 SaaS 的方式服務許多品牌客戶。 我們總是追求進步與改變， 正在用創新科技為零售市場帶來下一個顛覆， 歡迎有理想的你一同加入！ 【關於我,"['Retail Tech', 'Unmanned Retail', '零售科技', '']"
實習業務助理,毅耀實業股份有限公司,1. 進出貨管理與事物對應。 2. Key account進出貨管理與日常文件回覆。 3. 輸入、處理並追蹤客戶訂單、回覆e-mail，並確認交貨期。 4. 提供出貨文件，協助業務人員控管出貨，並處理進出口事宜。 5. 內,[]
行銷、設計、影像製作實習、工讀生,柚子娛樂文化藝術有限公司,無經驗，想學習皆可詢問 有經驗長期合作、按件計酬皆可。 拍攝、剪輯、美術、設計 行銷、文案、經紀助理、先活動工讀皆可挑戰。 你的薪資來自於你的專業與態度。 應徵者請直接加line安排面試 Line:yosplay 請直接告,"['Photoshop', 'powerpoint', 'Illustrator', '']"
服裝設計 實習生,大吉林實業社,成長 現在是你的機會，讓你擁有的經驗和能力發光發熱 歡迎加入我們，你會看見不一樣的自己！ ◼︎實習時間： 週ㄧ～週五，依照工作需求 每週討論制定目標，自主分配時間完成目標。 ◼︎實習地點： 遠端在,"['Photoshop', 'Illustrator', 'CLO3D', '']"
[Bellwether] 工業設計實習生 Industrial Design Intern,瑞鑑航太科技股份有限公司 BAMS,完成其他主管交辦事項 Complete other jobs from supervisors Further Information 時薪 NTD$ 180 (工作天數及時數可 NTD$ 180 per hour ( Working day and hour can be discussed) 實習期間： 6個月 Duration : 6 months 需求人數： 2人 No. Of Interns : 02 【工作地點 Location】 - 台南市歸仁區歸仁十三路一段6,[]
全球特派新聞志工實習生(留學生),恣媒體工作室,我們目前在招募世界各地的留學生特派新聞志工實習生，您將有機會可以透過在地經驗與在地發生的事件提供給恣媒體第一手資訊，也可以一起與恣媒體預計開設的Podcast團隊線上錄音探討新,[]
網站文案編輯與設計實習生,Digital Origin 美勢科技,【歡迎加入實習生行列！】 💡在這實習您將享有： ● 開放舒適的辦公空間 ● 友善、尊重的工作文化 ● 學習不完的新知、從 0 到 1 的創業體驗 ● 網站Wordpress架設與實戰經驗知識的學習 ● 新網站文案撰寫,"['Word', 'Excel', 'Photoshop', '']"
專案管理實習生,直覺職掘教育有限公司,專案管理 ：由創辦人小賴親自帶領，學習並負責組織營運、管理之相關事項。從零到有瞭解一個專案的誕生、運行與總結。 活動設計 ：直覺職掘平均每個月有三場以上的講座、課程或營隊。需要支援線上,"['Google Drive', 'Microsoft Office', 'Word', '']"
APP 數位行銷企劃(實習),Modelbook 模特書 台灣,你將負責整體品牌產品的網路行銷，你必須發揮創意與溝通產品價值，發起各種行銷專案，並提出改良規劃，追蹤數據並創造極致成長。 ‧社群自媒體經營 ‧廣告投放操作 ‧數據追蹤分析、投放策略調整,[]
行銷實習生,優雅客有限公司,1. 社群行銷 2. 行銷企劃 3. 異業合作 4. 新創專案 5. 公司營運,[]
前後端開發實習生,邁銳新,擇自己喜愛的公司， 把握就業主導的能力。 工作流程… 統一由架構師規劃系統架構，分派開發項目給實習生參與，並依據實習生的能力調整分派項目， 盡量讓實習生能了解、參與業界在開發上的實際,"['c#', 'ASP.NET', 'JavaScript', '']"
數位行銷/業務/網紅 實習生,丞相帶風象行銷有限公司,🚀 探索行銷的精彩世界，攜手成為丞相帶風象的夥伴！ 🚀 你是否渴望擁有與時俱進的行銷技能，體驗從零到一的挑戰，並在專業的指導下快速成長？不再只是旁觀者，而是真正的實戰者！ 📍 我們是誰,['Excel']
綠能產業研究實習生(全職/實習),香印永續股份有限公司,【工作內容】 蒐集與整理全球綠能市場相關新聞 協助研究綠能產業發展現況及新興市場趨勢 協助各項潛在投資項目和地域進行盡職調查 針對熱門時事話題，撰寫產業研究報告 協助其他主管,[]
工程實習生,優備多股份有限公司,2022疫情後高雄重新恢復營業展開徵才，正在尋找對電子電路維修與研發市場有熱忱的人加入！ [工作時段] 上午0830到中午1200，下午1300到傍晚1730；周休二日、見紅就休。 [工作條件] 電子電機相關科系及產業,[]
電商平台經營實習生-快速消費品 / FMCG,欣新網股份有限公司,【 About the role 】 我們希望尋找對經營網路商店有熱情的朋友。 本職缺不限專業科系，但熟悉電腦操作與excel操作尤佳。 【 What you'll do 】 1. 協助線上商城的品項與活動更新、銷售數據資料整理及部份行政事項,['110台灣台北市信義區']
Saas 軟體 業務專案執行 實習工讀生 （歡迎應屆畢業生）,奧特圖股份有限公司,其他交辦事項與部門後勤支援 目前各項工作已有完整流程與熟練主管在負責！所以加入我們您可以安心學習與上手，您可從基礎工作開始，並隨時開放轉正的機會！（實習生、應屆畢業生優先考慮）,['105台灣台北市松山區']
品牌行銷實習生 Brand Marketing Intern,伊諾特國際,品牌行銷實習生 Brand Marketing Intern 工作內容 －社群平台經營 －品牌活動發想與執行 －展覽策劃與執行 －其他主管交辦事項,[]
【實習】Verilog FPGA Design 實習生,WASAI Technology,This internship shall last at least 4 months at full-time or 2-4 days per week part-time. Please make sure you will be able to complete this period before sending your application. * Studying and developing RTL code using Verilog to accelerate kernels for Big Data platforms * System debug & Validation of FPGA prototype systems * Performance analysis and tuning of workloads on heterogeneous platform,[]
行銷實習生,MetHer,隊要先知道 團隊剛起步，可能沒有像大公司的資源，但卻是一個有潛力的舞台，可以發揮你的創意！ 實習生會是以每次專案方式支薪/時薪，彈性可討論 有很多團隊成員可以學習，我們有愛貓的前,"['Writing', 'Instagram', 'Marketing']"
視覺設計實習生 Visual Design Intern,伊諾特國際,視覺設計實習生 Visual Design Intern 工作內容 －熟悉AI、Photoshop製作軟體 －影片＆短影音發想、拍攝、剪輯 －展覽視覺發想與設計 －其他主管交辦事項,[]
【2024長期實習】韌體測試驗證實習生-DAE,香港商聯寶電腦有限公司台灣分公司,創新的思維，能針對執行的機種提出建議。 4.與其他研發團隊跨部門溝通與合作(例如：硬體、軟體等部門)，確保各項驗證的正確性 *限大三含以上在校生實習，實習長度至少為半年，每週工作4-5天,[]
【2024 BigByte實習｜教育業｜帶薪】陪讀教練 Homework Coach,BigByte Education 大樹國際文化企業,的理想，紮實的耕耘每一粒種子，以語文作為起點，給孩子一個宏觀的世界，長成枝葉開闊的大樹。 【實習計畫介紹】 提供任務參與、實務經驗及專案執行的機會，並給予充滿企圖心的你「轉正」的機會!! 實習,"['補習班', '安親', '課輔', '']"
【2024長期實習】硬體研發測試實習生-DAE,香港商聯寶電腦有限公司台灣分公司,計能力 4.熟悉使用各種相關的儀器與儀表，例如：示波器、數字萬用表、電烙鐵、記錄器等 5.能夠提出創新的想法，並針對測試流程優化 <<< 每天工時8小時、每週工作4-5全天，實習長度至少為半年 >>>,[]
2023 秋季 實習培育計畫！社群行銷＆影音製作,Fu Experiential Design Inc.,【最新公告 Updated July 2023】 實習培育計畫熱烈進行中，我們正在徵集對教育有興趣、有滿滿的熱情與技能只缺一個舞台試驗的實習團隊成員！ 還在觀望、還沒有投履歷的夥伴們，趕緊加快腳步囉～ 實習計畫,"['Word', 'PowerPoint', 'Excel', '']"
大學實習生,女裝服飾業,們組隊一起報名 【薪酬】以上需求為多項工作內容，視條件及能力分配工作項目，以論件或計時計薪，將從實習階段培養，若合適並有意者未來可長期配合或轉正職 【額外福利】不定時可獲得免費服飾,[]
商業開發專員[全職/實習生],統振股份有限公司,【工作內容】 市場調研分析和研究項目資料收集。 依專案尋找合作夥伴及廠商，並協助總部進行溝通、合作協商。 整合當地資源提供公司參考並與其他部門合作。 拓展公司的網路鏈結，並在長期合作,[]
dPi設計插畫誌 實習生,牧恩藝術有限公司,dPi招集實習小夥伴拉！ 強力徵求重視美感、喜愛插畫藝術，並具有創意想法的新血加入！ 【實習期間可獲得的經驗】 紙本雜誌整體運作 數位媒體工作內容 文字編輯內容發想 活動企劃完整流程 【工作內,"['excel', 'google drive', 'word']"
【實習營業人員】2023夢時代產學合作實習～搭上實現幸福與夢想的列車～畢業=就業,統正開發股份有限公司,【工作內容】 1.商場營運管理(專櫃廠商/開店閉店/ 進撤櫃位/營運數據分析管理) 2.招商及合約洽談作業 3.顧客服務、客訴案件處理 4.行銷活動洽談、規劃與執行 5.專案規劃、管理,"['PowerPoint', 'excel', 'Word']"
【 Minfort 品牌和 明芙特行銷整合公司 】徵 助理實習,MINFORT,覺效果和心靈上的滿足。 一彈 為全球整合行銷公司 ，整合行銷於歐美、日本、韓國和台灣的眾籌平台。 實習工作內容為分擔公司工作，以下為公司工作 》 1. 粉專客服 2. 工廠協助測試、訂單整理和包,"['台灣台北', '專案管理', 'Photoshop', '']"
社群專案企劃實習生 Social Intern,晒太陽創意有限公司 Sunbathe Creative,現在我們要找到一位對 FB&IG 經營、發揮創意有興趣的實習生，負責協助品牌 FB&IG 經營、數據分析、網紅溝通聯繫等相關工作。 ▋工作內容 1/ FB / IG 營運工作：了解品牌精神與溝通技巧，負責客服/,"['品牌宣傳及媒體公關人員／主管', '行銷企劃人員']"
新媒體影音行銷編輯與企劃 (小編兼秘書) (可兼職工讀實習),粼光創意影像有限公司,【公司介紹】 粼光主要業務為工商影片、廣告、MV、宣傳片、活動紀錄等，凡舉影片製作均可包辦。 品牌成立至今7年，穩定成長。 說出你的夢想，我們盡量幫你完成，除了脫魯幫不了你 目前規模僅為導演個,"['台灣台北市大安區', 'photoshop', 'powerpoint', '']"
【實習生】電源開發工程師(士林)(全學年),英業達股份有限公司,1. NB、PC相關產品之主機板線路設計整合 2. 電源相關功能測試、除錯及訊號驗證 3. 研究新技術及新電子材料應用。,['Electronics Industry']
MatchNow | 實習生,檸檬樹科技股份有限公司,習生？ 我們有專門領域的業師指導，學習手把手！ 完整的教育訓練，跟實體業務緊密結合。 協助您完成實習生涯檔案，對於您的未來求職，將會獲得更好的機會與工作。 當然我們更希望您接受訓練後，可,"['word', 'excel', 'powerpoint', '']"
【實習生】機構設計工程師(士林)(全學年),英業達股份有限公司,1. Mechanical structure design. 2. Tooling study for master production. 3. New technology search & study. 4. New material search & study. 5. 機構設計相關_PCB & 連接器,['Electronics Industry']
設計實習生,柏煌管理顧問股份有限公司附設臺北市私立伊美文理美容短期補習班,【設計實習生徵才】 優秀的設計師們，我們需要你！ 你渴望將創意轉化為視覺饗宴嗎？ 想在企業的專業環境中，展示你的設計技巧和創意嗎？ 我們誠摯地邀請設計科學生們加入我們的團隊，共創一個,[]
實習生,詮識數位股份有限公司,具自我精進特質(4) 能獨立作業、自我管理（可遠端工作，需要具有時間管理跟能自我督促的人才）(5) 有溝通能力和責任感（視情況可加入專案操作）(6) 最短實習時間為一年（請確認有長期實習的意願）,[]
社群經營實習生,盲旅 BlindTour,【 本次 #社群經營一年期實習 共計招募1名 】 ｜應徵方式｜ ✔️ 投遞履歷僅接受👉 https://blindtour1.pse.is/3ubqel ✔️ 請勿於 cakeresume 上私訊 or 投遞履歷 ✔️ 任何疑問歡迎私訊 盲旅粉專 or Instagram @blindtour ｜ #社群經營一年期實,"['台灣台北', '行銷實習', '社群經營實習生', '']"
前端與後端工程師/實習生,田茂智能互聯股份有限公司,後端實習工程師 1. 協助進行後端程式修改與維護。 2. 修改程式文件後，提交維修說明單 3. 在程式上線後，能接續協助工程師進行狀況排除與維護。 4. 協助UI設計師與前端工程師了解系,"['Java', 'MySQL', 'PostgreSQL', '']"
商務開發營運專員 BD&實習生,好課多數位教育股份有限公司,>>商務開發營運專員 BD&實習生: 理解公司的客戶發展方向與業務策略，針對知識型行銷業務推廣及企業冠名。,[]
電訪業務實習生,宋宏森不動產投資顧問有限公司,工作內容： 針對屋主進行電話開發，高獎金制度，歡迎有衝勁、不怕業績壓力的你來挑戰。電話名冊開發方式會有完整教學。 · 高時薪 · 高獎金，業績達一定目標獎金提升，以成交物件計算 · 教育訓練充足，只,[]
【兼職／實習工讀】行政企劃助理,iForensics Digital 鑒真數位,協助公司文件之建檔、管理。 負責郵件及內部文件之收發。 協助處理庶務性行政工作（如：文具用品採買）。 負責外出送件、物件寄送及簡易銀行業務處理。 負責簡易文件排版打字及簡易美工編輯。 負責簡,"['word', 'powerpoint', 'excel']"
品牌行銷及店務實習,One Two & Co,ONETWO&CO.招募行銷及店務實習生 萬兔由最初微小的願望「訂做一雙理想的繡花鞋」出發，在眾人同心協力幫助下，至今成軍已滿2年， 我們期待你來加入ONETWO&CO.團隊。 職位：品牌行銷及店務實習生 地點,[]
Jodo！行銷、視覺、專案實習生,小行星視覺整合行銷股份有限公司,嗨，我們是 Jodo！團隊 Jodo！官網 ▸ https://www.jodo.com.tw 我們帶著讓大家的生活可以和嘴角一起上揚的理念 創造許多有趣又很讚的產品 我們在今年開啟了實習生計畫 實習內容是跟著我們一起工,[]
英文新聞編輯志工實習生,The Taiwan Times 台灣國際報,＊請注意，這份工作是無資薪-志工工作。 • 負責英文外稿編輯新聞，讓台灣在世界發聲，擔任文案編輯，負責編輯英文新聞。 • 了解社群對台灣對外的期待，有效反應與即時發揮效應。 • 撰寫英文文案，於FB、Twitter,"['台北', 'powerpoint', 'google drive', '']"
全球特派新聞留學生志工實習生,The Taiwan Times 台灣國際報,＊請注意，這份工作是無資薪-志工工作。 The Taiwan Times 台灣國際報招募新計畫，我們目前在招募世界各地的留學生特派新聞志工實習生，您將有機會可以透過在地經驗與在地發生的事件提供給台灣國,"['台北', 'powerpoint', 'google drive', '']"
品牌 行銷企劃 實習生,大吉林實業社,如果妳對有 生活風格與美感 有高度熱情 熟悉社群媒體 且對 數位行銷 趨勢，擁有極 高敏銳度 與關注 現在剛好，我們有一個能夠讓你一展所長的職缺～ rin 是“ 零 ”的讀音，意涵包括 歸零 與 從零開始 我們,"['illustrator', 'photoshop', 'Numbers', '']"
【實習】Omplexity/ 兼職專案助理,Omplexity,【實習】Omplexity/ 兼職專案助理 【公司名稱】Omplexity 系統變革顧問公司 【工作職缺】兼職專案助理 / Part-time Assistant 【工作內容】 中/英文系統思考分析文章翻譯、校閱 協助研究國外系統思考相關報告與文獻，彙整後進行,[]
行銷運營實習生,Home Sweet Home Share House 甜家共生公寓  (荷馬國際有限公司),1. 部落格SEO文章規劃撰寫及文章上線 2. 影音內容經營規劃 3. 官網內容更新、排版及圖片上架作業 4. 有Photoshop、Illustrator、Premiere等軟體使用經驗為佳 5. 協助創意發想、行銷活動執行 6. 一週實習時,"['SEO', 'Canva', 'Photoshop', '']"
Youtube 影音企劃/儲備主持/網紅實習,火種製作 TPStudio,火種製作｜專注製作影音素材活動企劃之影片創作公司。 實習時間：半年 面試時間：先應徵先錄取 公司狀態：3-5人，團隊年輕、彈性、重視專業！ 職缺說明 招募儲備實習生，參與客戶與自家產品概念之影,"['台北', '影音企劃', '網紅', '']"
校園倡議專案/創意社群行銷實習生,PGE太平洋綠能,PGE 2022 春夏季綠能種子實習計畫 今年的春夏季，與我們一起播下綠能的種子吧！ 你時常關心再生能源與能源轉型的議題嗎？對於環境意識也有著自己的使命與想法，同時，又有源源不絕的創意想發,"['word', 'photoshop', 'google drive', '']"
行政實習生,財團法人台灣文學發展基金會市定古蹟紀州庵及新館營運管理處,實習地點：台北市中正區同安街 107 號 紀州庵文學森林 實習期間補貼車馬費，每日 200 元 如無法配合實習內容或嚴重影響館務執行，本公司有權提早終止實習機會 四、實習福利 享有等同全職員工的,"['word', 'excel', 'powerpoint']"
內容編輯與小編實習,健康666,工作內容 • 負責網路健康議題策劃、寫作及編輯，擔任文案編輯，負責公司經營自媒體平台與社群企劃與發想文案。 • 編寫健康書摘、編輯電子報、寫作生活類型文章等文字編輯類工作。 • 需與醫生配合，改,"['word', 'powerpoint', 'google drive', '']"
社群行銷實習生(具備社群經營或實習經驗者優佳),妞時尚股份有限公司,【此為學生實習計畫，在學生尤佳】 我們努力從全世界挖掘快樂的元素，並傳遞給每一位願意聆聽我們的可愛讀者。精心打造自己的社群，創造優質的內容與新聞平台，希望每個接觸到妞新聞的人,"['社群行銷', '活動企劃', '編輯', '']"
行銷企劃實習生 / 兼職,Tramper (生生生有限公司),工作內容：執行品牌的行銷企劃，提升品牌曝光與轉換 1. KOL名人代言、品牌聯名活動 2. 經營日常社群、舉辦節慶活動 3. 發想與執行線上與線下活動企劃 4. 廣告投放 行銷企劃是讓 Tramper 品牌,"['行銷企劃', '行銷', '行銷策略', '']"
文案編輯實習生,好日子agooday,好日子2022實習生計畫，收件截止日2022/6/15，統一2022/6/20回覆 【工作內容】 減塑、環保相關的人物採訪，並產出Blog、EDM文章 產品文案撰寫 翻譯國外減塑新知 (產品、專案、人物介紹) 【工作地點】 台北市，捷,[]
平面模特實習生 Model Intern,二拾衫,｜工作摘要｜ 擔任棚拍模特角色。 依照衣物風格進行穿搭。 維持工作環境整潔。 其他主管交代事項。 ｜工作項目內容｜ （70%）模特 依照衣物款式及風格進行穿搭。 面對鏡頭展現衣物質感。 協助檢核穿著衣物的,[]
設計實習生,MemePR 潮語傳媒,並視能力調整。 MemePR公司文化請參閱： https://www.memepr.com/career MemePR粉專： https://www.facebook.com/memepr.news/ MemePR Medium : https://medium.com/memepr MemePR 實習心得分享： https://medium.com/memepr/實習心得-x-我在memepr實習的日子-ac488f9b2f86,"['Photoshop', 'Illustrator']"
電獺少女2019_實習編輯,Aotter Inc. 電獺股份有限公司,來應徵2019電獺少女實習生」格式，姓名請填完整中文全名 舉例1:「我是小獺妞，我來應徵2019電獺少女實習生」 舉例2:「我是小豹，我來應徵2019電獺少女實習生」 申請細節 申請期間：2019/04/30（二）~2019/06/,"['Word', 'Photoshop', 'Google Drive', '']"
產品營運實習生,檸檬樹科技股份有限公司,【公司 / 職位】產品營運實習⽣ 表現優秀者有機會轉正，工作地點為台北市松山區南京東路四段小巨蛋附近，熟悉之後可以在家工作，歡迎投遞履歷至[email protected]與紹小姐聯絡（先送先審制,[]
市集經營實習生,好日子agooday,好日子2022實習生計畫，收件截止日2022/6/15，統一2022/6/20回覆 開學後至少每周8小時進辦公室，不定期支援假日擺攤 (大部分可以自己規劃) ［工作內容］ 參加市集擺攤活動的規劃 (時程、商品、特,"['專案管理', '實習', '市集', '']"
全端工程師 (實習生),御大倉股份有限公司,職缺描述 主要工作內容： 1. 使用後端技術開發、維護跨平台的訂閱型產品 2. 配合產品經理進行需求討論與分析 3. 與前端工程師合作開發產品 4. 優化資訊架構系統，確保資料安全與穩,[]
Marketing Intern 行銷實習生,舒服簡單股份有限公司,份充滿挑戰與成就感的工作，若你富有想法且願意付諸行動，相信你會在JD SCENT收穫良多！ ⠀⠀ ▋ 行銷實習生 - 公關廣告媒體執行聯繫 - 網路行銷及廣告文案撰寫及規劃 - 協助經營品牌社群平台：IG、FB、YouTube,[]
影片內容營運實習生 | Video Content Operations Intern,Updoot,"Updoot publishes videos on YouTube and Facebook, in both English and Spanish languages. We develop our own software to optimize production processes and produce high-quality video content. It is our goal to diversify Updoot's offering into multiple new niches of video content to reach new audiences and expand viewership. We do this by continuously testing new content and channel ideas. You can find our current channel list on www.updoot.tech .","['Operations', 'Project Management', 'English', '']"
App/網頁開發實習生,博睿科技股份有限公司,"工作內容 資訊相關科系 大三大四生或剛畢業者尤佳 熟悉javascript, Git版控尤佳 職務類別：網頁設計師、Internet程式設計師、軟體設計工程師 工作待遇：月薪25,250~28,000元 工作性質：全職 上班地點：台中市南區興大",[]
(實習) 軟體測試工程師,SkyREC,"【工作內容】 1. 測試項目撰寫/執行 2. 檢驗軟體穩定性測試及性能驗證 3. 規劃測試案例 【職務需求】 1. 作業系統基本操作(Windows, ubuntu) 2. 具備基礎網路概念 (TCP/IP、DNS) 3. 系統分析與問題追",[]
C_影片拍攝剪輯實習生,愷銳音響,‧發想各類影片企劃 ‧剪輯編輯成適合各社群管道之素材,[]
【大學實習生、PT工讀生專區】商務企劃,ULINJIA 優賃家,【實習生們看過來!】 - 時薪社員：185/小時(含勞健保)，每月工作需滿80小時 - 就讀大學、專科大三以上 - 實習期間表現優秀者，有機會轉聘為正職 - 實習完畢後，中英推薦信、實習證明 我們樂意幫忙! - 入職滿三,['2024 ESG']
後台系統專案-後端實習工程師,凱德資本股份有限公司,凱德資本股份有限公司 私募基金後台系統實習專案-後端工程師 職缺描述 About the Role： 我們正在招募「私募基金後台系統實習專案」的後端工程師 Backend Engineer」，藉由參與這個專案，將會和創辦人緊密合作，參與,[]
動態影像實習生,好日子agooday,好日子2022實習生計畫，收件截止日2022/1/20，統一2022/1/24回覆 ［工作內容］ ・ 拍攝減塑、環保相關的影片，並剪輯、製作成社群內容 ・繪製腳本 ・拍攝影片並剪輯配樂與畫面設計 ［必要條件］ ・攝影、影片拍,[]
設計實習生,優雅客有限公司,1. 美編設計 2. 拍照攝影 3. 社群行銷 4. 活動企劃 5. 公司營運,[]
西班牙文 業務實習生 Spanish Intern,龍晟吉企業有限公司,"職務說明/ Job Description Translate client emails from English to Spanish and reply under manager’s guidance Arrange client meetings and translate during the meeting Track each client’s registration, order, and business status and report bi-weekly Translate documents or marketing collaterals from English to Spanish","['Spanish', 'english', 'intern']"
業務助理(無經驗可，歡迎實習，月薪3萬起),聯聖企管顧問股份有限公司,★職務內容： 1.業績報表整合製作及業務獎金計算 2.審核公司內部有關各項費用支付之發票、單據及帳務處理 3.應收帳款報表整理，列出每月客戶的未收款明細，並追蹤收款時間 4.主,['Excel']
數位廣告管理實習生,欣新網股份有限公司,【 About the role 】 我們的專注於協助台灣各大品牌的「數位成效型廣告」服務，結合各種數位廣告投放方式，為品牌在電商平台創造更佳效益，並協助各大廠商，投資破億的廣告預算。 【 What you'll do 】 1. 基本的數,"['excel', 'Google Analytics']"
電商經營實習生,筆記網路,是因應社群需求而誕生的部門，團隊致力於搭配社群了解消費者，從而開發或選物相關產品。本次實習專案目的為與團隊共同進行更多電商企劃專案，以拓展更多電商不同面向，最大好處為可以,"['運動', '電商', '跑步', '']"
B_視覺設計實習生,愷銳音響,‧熟悉 AI、Photoshop等製作軟體 ‧廣告文宣素材設計 ‧展覽活動用品製作、影像紀錄與後製（展覽背板設計、展覽影片紀錄） ‧品牌各式製品（抱枕、貼圖等） ‧實體通路招牌設計 ‧廠商溝通與合作、實地通路勘查等等。,[]
Socialtech Startup Intern 社群新創學習生/實習生,Hoodily,"Work hands-on on innovative and social-impacting products, from the ground up Learn product management from an 18-year Silicon Valley product veteran Be part of a garage-mode socialtech startup team Learn agile development, tools, tricks, and project management Learn to work with UX and engineering to define and build exciting, impactful consumer product features Learn UX, create wireframes and mock-ups Help develop the go-to-market strategies Help raise awareness and raise funds Possibly join t",[]
產品營運實習生 / 兼職,Tramper (生生生有限公司),負責品牌的營運與行政事項 1. 團隊營運、會計行政、庫存管理 2. 每月整理銷售數據（產品、通路、活動）提出優化建議 3. 優化工作流程 產品營運是Tramper品牌強的的後勤，我們需要有一顆精明的腦,"['營運管理', '營運', '營運實習生', '']"
實習生,霏訊實業有限公司,霏訊模特兒Fashion Model Management 首次徵召實習生！ - 我們正在尋找可以和我們產生創意火花、協助工作進行更順暢的實習生。我們將讓你有機會 1.協助外模溝通工作 2.了解時尚業界工作流程 3.表現優,"['Microsoft Office', 'Photoshop', 'Word', '']"
行銷實習生,享狩數據科技股份有限公司,工作內容 數位廣告策略執行、投放優化(Google Ads / Facebook Ads) 廣告文案撰寫、製作廣告素材 廣告成效分析與流量追蹤 電商上架企劃提案 協助行銷報表整理 產品測試、客服回覆 條件要求 對社群風向有高敏,"['word', 'excel', 'powerpoint', '']"
實習庫存總管,運動筆記,工作地點靠近師大夜市，每週協助處理商品寄送、庫存清點等事務，工作時間一週平日2-3天，每天3-4小時，工作內容輕鬆單純，但需要細心以及負責任。 如有電商或編輯相關經驗，表現優異都有機,[]
行銷部實習生,富立資訊股份有限公司,【工作內容】 1. 經營品牌官網，包含商品上下架/出貨、規劃行銷活動、文案撰寫、SEO規劃 2. Facebook、Google廣告投放，分析數據並擬定優化方案 3. 社群平台經營，包含LINE@和Facebook 4. 美編文案,"['digital marketing', 'Intern', 'Social Media Marketing', '']"
產品設計實習生,UnderPeace,【負責工作內容】 - 協助主管完成產品設計執行 - 負責跟拍作業與協助拍攝企劃執行 - 工作內容包含服飾圖像、產品包裝與型錄DM等宣傳物之設計 - 協助創意發想搜集 - 協助社群素材以及網站視覺圖,"['photoshop', 'illustrator', 'premiere']"
EMC Intern _EMC 實習生,鼎翰科技股份有限公司,"About the job : As an EMC intern within basic technology and projects, you will assist for EMC related jobs, such as EMC testing/debugging, EMC/RF certification application and other EMC related support. You'll contribute your knowledge and ability to TSC’s products in EMC aspect. To ensure products’ quality and robustness, an EMC intern requires to assist engineer to check circuit schematic/placement/layout and make the product reach EMC performance as","['Word', 'PowerPoint', 'Excel', '']"
網頁程式設計師&實習生,好課多數位教育股份有限公司,熟HTML、CSS、Javascript、jQuery 、bootstrap熟 PHP、資料庫（MSSQL及MySQL）、PHP API 撰寫、第三方支付 串接。,[]
2020秋季設計實習生,願景青年行動網協會,的行列，讓青年透過活動的參與，更了解各國地方議題並進而成為世界公民。 今年秋季要招募3位實習生加入我們的行列！ 認識我們： https://lihi1.com/vi2WZ 臉書： https://www.facebook.com/vyataiwan IG ： https://bit.,"['illustrator', 'InDesign', '排版', '']"
平面/影像製作實習生,達萬科技貿易有限公司,熟悉Photoshop、illustrator、AutoCAD、3D...等軟體應用。 視覺與排版設計 產品外觀設計 Banner與網頁設計 型錄手冊與電子報設計 實體背板與展覽設計 產品外觀設計,['photoshop']
影音行銷實習生,OTT GEAR,◼️你將負責 社群創意發想/企劃與製作素材 拍攝後製各式社群/商品/廣告影片 協助規劃執行線上/線上行銷活動 󠀠 ◼️你需要具備的能力 拍攝照片/影片基本美感 平時就有習慣使用IG,[]
品牌行銷助理/實習生可,全億寢飾有限公司,hi 我是Penny 是飛航模飾的共同創始人 希望你可以和我一起打造飛航模飾的更多可能 如果你也跟我一樣喜歡居家商品、喜歡充滿美感的事物、 對儀式感有堅持、是社群重度使用者 我想我們在工作,"['photoshop', 'illustrator']"
Community Executive (contract/intern) 社群專員(兼職/實習生),JustCo Taiwan,"JustCo is Asia Pacific’s leading flexible workspace provider. We make work better by revolutionizing how people work, empowering our ever-growing community with exceptional flexibility, opportunities and experiences. We are looking for a part-time/contract staff to join our JustCo Taiwan team. Supporting the Community team, this role will have to: Be the first point of contact at the respective centre within JustCo’s portfolio of properties Managing reception duties (e.g.",[]
【學生實習】業務行銷實習生 (雲掌櫃民宿pms),宿家資訊科技有限公司,工作內容： 1.負責開發拓展雲掌櫃業務 2.區域交流會策辦與分享 3.行銷企劃與執行 4.團隊合作 5.電話開發、實地拜訪民宿 6.每週簡報分享 工作地點： 芝山站步行一分鐘 七點自檢,"['民宿', '旅遊新創', '業務行銷']"
實習律師,恆嵂法律事務所,【公司名稱／工作職缺】 恆嵂聯合事務所/實習律師 【工作內容】 1、協助研究案件、撰寫各式書類（一般民刑事書狀、行政書狀、意見書等）。 2、陪同出庭擔任代理人、辯護人。 3、協助法律顧問客戶解決問題。 4,[]
.NET 研發工程師  (實習),無毒農-友善環境的安心水果,1. 開發無毒農相關前、後端系統，如API、後端CMS、前端 JQuery,[]
實習記者,MeNews,你好奇記者的生活嗎？想體驗當記者的工作嗎？以後想進入媒體圈衝鋒陷陣嗎？或是想透過自己的文章讓大眾看到世界的全貌嗎？ 那就加入我們，成為我們的實習記者吧！ 你將會經歷到： 撰寫新聞稿,"['媒體', '新聞', '撰稿', '']"
外籍實習記者,MeNews,你好奇記者的生活嗎？想體驗記者的工作嗎？以後想進入媒體圈衝鋒陷陣嗎？或是想透過自己的文章讓大眾看到世界的全貌嗎？ 那就加入我們，成為我們的實習記者吧！ 你將會經歷到： 撰寫新聞稿 蒐,"['媒體', '新聞撰寫', '採訪']"
高雄-第五屆實習生招募,瑢思行銷有限公司,會讓你參與到與客戶的互動以及專案執行，鍛鍊你的行銷基本功。 【我們正在找以下的夥伴們】 社群實習生1名 ・社群媒體發想與執行(官網、社團、粉絲團、LINE@、IG等) ・口碑文案與文章撰稿 ・參與行銷企劃,"['高雄實習', '網路行銷公司實習', '社群行銷', '']"
[實習] 行銷企劃 /網站行銷企劃小編,銘鋐科技股份有限公司,對摩托車周邊3C熱情，超過炎炎夏日的直通管？ 對於車圈大小事一問八都知，能跟上潮流時事、引領話題，而且能在話裡行間散發專業度 如果你點頭稱是，那麼我們正在尋找像你這樣的電商媒體小,['Notion']
文案編輯與內容實習,FlipWeb數位資產仲介,工作內容 • 負責部落格內容發想，擔任文案編輯，負責公司經營中的自媒體平台與社群企劃與發想文案。 • 了解社群對產品的期待，有效反應給公司。 • 撰寫中英文文案，於FB、Twitter、SLACK、medium、LINE 等社群上。 • 能判斷客,"['Illustrator', 'Excel', 'PowerPoint', '']"
新聞編輯與內容實習,國際數位資產協會IDAA,工作內容 • 負責部落格內容發想，擔任文案編輯，負責公司經營中的自媒體平台與社群企劃與發想文案。 • 了解社群對產品的期待，有效反應給公司。 • 撰寫中英文文案，於FB、Twitter、SLACK、medium、LINE 等社群上。 • 能判斷客,"['Word', 'PowerPoint', 'Outlook', '']"
A_行銷企劃實習生,愷銳音響,‧每年固定展覽策劃 ‧網站數據監測（Google Ads、Google Analytic等） ‧各種檔期活動企劃與執行 ‧基本文案撰寫（Blog、FB、LINE Business等） ‧廠商溝通與合作,[]
社群行銷實習生(儲備人員),京群超媒體股份有限公司,職缺描述 1. 對社群經營有所了解，並且想學習更多 2. 協助經營社群媒體、官方帳號，並回覆用戶的問題 3. 發想與規劃社群行銷活動 4. 分析數據和整理報表 5. 實習期間配合良好將有,"['行銷企劃', '社群行銷', '小編', '']"
網路社群美編行銷實習生,愛力皮包實業,網路社群美編行銷實習生 1. 完成交辦美編製作。 2. 學習每日進出貨交辦事項。 3. 學習社群/客服管理。 4. 協助全體共同事項。 (此職缺主要針對協助同仁，非主導性不需有壓力喔！),"['Word', 'PowerPoint', 'Excel', '']"
2020秋季行政實習生,願景青年行動網協會,的行列，讓青年透過活動的參與，更了解各國地方議題並進而成為世界公民。 今年秋季要招募3位實習生加入我們的行列！ 認識我們： https://lihi1.com/vi2WZ 臉書： https://www.facebook.com/vyataiwan IG ： https://bit.,"['word', 'excel', '行政', '']"
2020秋季行銷文案實習生,願景青年行動網協會,的行列，讓青年透過活動的參與，更了解各國地方議題並進而成為世界公民。 今年秋季要招募3位實習生加入我們的行列！ 認識我們： https://lihi1.com/vi2WZ 臉書： https://www.facebook.com/vyataiwan IG ： https://bit.,"['文案', '採訪', '國際志工']"
門市人員(正職\實習，無經驗可)-台中、彰化、南投、雲林、嘉義、金門、澎湖,50嵐_穎冠茶飲企業股份有限公司,工作內容： 1.飲品介紹及協助顧客點單 2.前檯收銀、出餐 3.調製飲品 4.煮茶、備料 5.外送服務 其他： 1.月休八天 2.福利制度 -定期分紅 -享團保.勞健保及勞退 -免費員工飲品 -三節、生,['Communication']
業務實習生,宋宏森不動產投資顧問有限公司,工作內容： 針對屋主進行電話開發，高獎金制度，歡迎有衝勁、不怕業績壓力的你來挑戰。電話名冊開發方式會有完整教學。 · 高時薪 · 高獎金，業績達一定目標獎金提升，以成交物件計算 · 教育訓練充足，只,[]
專家拓展及管理專員 (兼職/自由職業，歡迎實習，可在家工作),HELLOTOBY TECHNOLOGY (HK) LIMITED,主要職責 將與專家管理團隊合作的您在指定行業下幫助自由業者及小企業使用我們產品尋找客源並負責不限於以下職務： 全面了解所在行業的競爭環境和服務動態 主動聯繫專家以協助他,"['word', 'google drive', 'excel', '']"
匠藏工坊2019實習計畫,匠藏工坊 予想文創科技有限公司,織能力。 以設計推廣生活美學，建立長遠價值、溝通力培養、組織企劃能力及設計實務訓練等內容。 本實習須能自主學習走訪市調分析提案報告，提實習心得與設計案。請先上網站了解公司事務，簡述,"['illustrator', 'photoshop', 'excel', '']"
MATCHNOW (全台第一網紅媒合平台)實習生,閃租衣科技有限公司,MATCHNOW 網紅媒合平台 https://matchnow.co 工作目標: 協同業務增加MATCHNOW(網紅媒合平台)客戶進單率，並進行客戶關係維護，如果你對這份工作有興趣，期待您加入MATCHNOW這個大家庭。 工作內容: 文案撰寫 合約建檔+協,[]
內容編輯實習生,創夢市集股份有限公司,我們關心的創業趨勢，也認識這些團隊的精彩創業故事。 今年，我們即將展開更大的內容企劃，與多家媒體合作，擴大產製規模及內容面向。 我們預計招募 1 - 2 名內容編輯實習生 ，一起完成這項任務。,"['編輯', '實習']"
行銷企劃實習生（已截止）,野人舒食有限公司,基本條件 1. 食品趨勢、食品開發具備高敏感度與興趣 2. 對網路消費行為具有高敏銳度、興趣和熱情 3. 具備企畫、行銷圖文的能力與經驗尤佳 工作內容簡述 1. 商品文案撰寫及網站商品,[]
社群實習生,思麥特活動創意整合行銷有限公司,趣佳。 (Facebook、Instagram、PTT、Youtube、DCard等等) 學歷科系要求： 不拘，可配合學校實習生計劃，請務必在投遞履歷時先行說明(實習時數/期程) 其他條件： 上班時段/時間：每週一至週五，9:00-18:00 其他說明： 可實習三個月者優,"['photoshop', 'powerpoint', 'illustrator']"
實習生,乒乓話網股份有限公司,組織發展、 業務計劃、銷售行銷、計劃管理CRM ◆學習開發海外通路商。 ◆提供報價、製作簡報、參展活動。 ◆保持與客戶聯繫，並確認規格與需求。 ◆學習雲平台使用。 ◆學習EDM及媒體編排。 ◆溝通RD進度。,[]
